case,band,kind,value,unit,tslot,observed_at,provenance_class,fact_cid,log_leaf_index,log_tree_size,verified,resolve_http_200,cid_recomputed,cell_bound,band_bound,signer_is_pinned_key,json_matches_cbor,receipt_sig_valid,receipt_binds_fact,receipt_merkle_path_valid,log_entry_located,entry_hash_matches,fact_bytes_in_entry,batch_root_recomputed,attestation_attester_pinned,attestation_sig_valid,entry_root_eq_receipt_root,log_inclusion_valid,log_inclusion_rejects_flipped_leaf,trajectory_value_matches,recompute
berlin,cams.no2,primary,5.4,ug/m^3,496551,2026-08-24T15:00:00Z,model_output,r5kr6sgs2yrgihnalmjnzjdbez2tsarijxwbltnxqdeelukkra7a,1453722,2570212,PASS,pass,pass,pass,pass,pass,pass,pass,pass,pass,pass,pass,pass,pass,pass,pass,pass,pass,pass,n/a,n/a
berlin,cams.no2,primary,12.3,ug/m^3,497442,2026-09-30T18:00:00Z,model_output,jvwhwgm6gu6irtd26rsfkkeg6hw72amealfuxdepxam7fpnlf4za,2570186,2570212,PASS,pass,pass,pass,pass,pass,pass,pass,pass,pass,pass,pass,pass,pass,pass,pass,pass,pass,pass,n/a,n/a
berlin,copdem30m.elevation_mean,primary,36.56167984008789,m,0,2021-04-30T00:00:00Z,direct_sensor,sdu3gfiu4hioukhphatvgoir52dwju7eukdwosfkxt4ndopahz4a,2570170,2570212,PASS,pass,pass,pass,pass,pass,pass,pass,pass,pass,pass,pass,pass,pass,pass,pass,pass,pass,pass,n/a,n/a
berlin,esa_cci_biomass.agb_t_per_ha_2022,primary,0.0,t_per_ha,52,2025-03-01T00:00:00Z,model_output,keebyc7rs63obeuiprdromm5spnlokjs7zbsywmkt6vfumqrwtta,2570185,2570212,PASS,pass,pass,pass,pass,pass,pass,pass,pass,pass,pass,pass,pass,pass,pass,pass,pass,pass,pass,n/a,n/a
berlin,esa_worldcover.lc_2021,primary,50,lccs_class,51,2022-10-28T00:00:00Z,model_output,xicg6usfctfgarydipb5evusbfl7ew2gmb6waoqy3lputi4cbztq,2570179,2570212,PASS,pass,pass,pass,pass,pass,pass,pass,pass,pass,pass,pass,pass,pass,pass,pass,pass,pass,pass,n/a,n/a
berlin,hansen.loss_year,primary,0,year_of_loss,55,2025-04-01T00:00:00Z,model_output,fdtciergf7zniv2q2f3jxhgp33rfe5pwzrgh3wst4gv4l264izza,2570183,2570212,PASS,pass,pass,pass,pass,pass,pass,pass,pass,pass,pass,pass,pass,pass,pass,pass,pass,pass,pass,n/a,n/a
berlin,hansen.tree_cover_2000,primary,0,percent_canopy_cover,55,2025-04-01T00:00:00Z,model_output,x4kpkygflp35lsynav3dnmybaclt46ayqb34akrrnzst3qrgrjbq,2570182,2570212,PASS,pass,pass,pass,pass,pass,pass,pass,pass,pass,pass,pass,pass,pass,pass,pass,pass,pass,pass,n/a,n/a
berlin,indices.ndvi,primary,0.04308390022675734,,20645,2026-07-11T10:26:26.883000Z,deterministic_index,5iixkdp2auwva4hwul5wgzsikccovzu6xgbnji5y2app66ares2a,527813,2570212,PASS,pass,pass,pass,pass,pass,pass,pass,pass,pass,pass,pass,pass,pass,pass,pass,pass,pass,pass,n/a,pass
berlin,indices.ndvi,primary,0.19496855345911948,,20723,2026-09-27T10:18:01.025000Z,deterministic_index,y2k2tic2smuobi5hcwfvaq2p2apk3lpwekaggboyawum3tzqjw7a,2570176,2570212,PASS,pass,pass,pass,pass,pass,pass,pass,pass,pass,pass,pass,pass,pass,pass,pass,pass,pass,pass,n/a,pass
berlin,jrc_gfc2020.forest_2020,primary,0,boolean_eudr_forest_2020,0,2024-04-25T00:00:00Z,model_output,oog2b4aykebescspshijuxiwuq3dfxdjp47yd4vwxy4pqdnlmwcq,2570188,2570212,PASS,pass,pass,pass,pass,pass,pass,pass,pass,pass,pass,pass,pass,pass,pass,pass,pass,pass,pass,n/a,n/a
berlin,modis.lst_day_8day,primary,297.40000000000003,K,2586,2026-08-29,unclassified,yqhihmuyozdm2urlpk5nxzkoozct65y6shsysttouoy27ddklhnq,2570193,2570212,PASS,pass,pass,pass,pass,pass,pass,pass,pass,pass,pass,pass,pass,pass,pass,pass,pass,pass,pass,n/a,n/a
berlin,modis.ndvi_mean,primary,0.2969,,1292,2026-08-13,deterministic_index,ty77ne73kyexhf43qyoabvxzcu65yveqwm3nhbkc7de3cdpzn6cq,2570190,2570212,PASS,pass,pass,pass,pass,pass,pass,pass,pass,pass,pass,pass,pass,pass,pass,pass,pass,pass,pass,n/a,n/a
berlin,nightlights.dmsp_ols_avg_dn,primary,63,dmsp_ols_avg_dn,43,2014-04-01T00:00:00Z,direct_sensor,2ozugc3sy2cskemheusdzm6ks7dtcfu6lcbcgjdc4x7m3jo7qeya,2570194,2570212,PASS,pass,pass,pass,pass,pass,pass,pass,pass,pass,pass,pass,pass,pass,pass,pass,pass,pass,pass,n/a,n/a
berlin,overture.buildings.count,primary,0,,56,2026-08-19.0,human_curated,czehax3d3djwpkfrawqdj4b6o7xvkbrugnco6qbin73mo4hofu2a,1453714,2570212,PASS,pass,pass,pass,pass,pass,pass,pass,pass,pass,pass,pass,pass,pass,pass,pass,pass,pass,pass,n/a,n/a
berlin,s2.B04,primary,0.032,,20723,2026-09-27T10:18:01.025000Z,direct_sensor,x4jh23askylgrdbtlecius3gmqcyhgyxupsb2dozgpwtavkytqua,2570175,2570212,PASS,pass,pass,pass,pass,pass,pass,pass,pass,pass,pass,pass,pass,pass,pass,pass,pass,pass,pass,n/a,pass
berlin,s2.B08,primary,0.0475,,20723,2026-09-27T10:18:01.025000Z,direct_sensor,wtqd64payr37jhzyk624ii4gc6k4in5q7kpr7tabob5lah4yquta,2570177,2570212,PASS,pass,pass,pass,pass,pass,pass,pass,pass,pass,pass,pass,pass,pass,pass,pass,pass,pass,pass,n/a,pass
berlin,sentinel1_raw,primary,-0.7112290396254104,dB,20688,2026-08-23T05:16:28.616148Z,direct_sensor,zts3wqlnhexgxsrpakbwuvo3yqim3ty53slvuijyxmyfm7bvifua,1453728,2570212,PASS,pass,pass,pass,pass,pass,pass,pass,pass,pass,pass,pass,pass,pass,pass,pass,pass,pass,pass,n/a,pass
berlin,sentinel1_raw,primary,-2.8157914266581785,dB,20724,2026-09-28T05:16:29.600562Z,direct_sensor,2x2enxej23rl4hpkycidwmy3brqfrhghqiucrrwzf6o76a53lyjq,2570178,2570212,PASS,pass,pass,pass,pass,pass,pass,pass,pass,pass,pass,pass,pass,pass,pass,pass,pass,pass,pass,n/a,pass
berlin,surface_water.occurrence,primary,0.0,percent,0,2022-01-01T00:00:00Z,model_output,hohgux3n36e7bjsekaii5f7m4wfxkwpy22666w322s7ey4uqt72q,2570180,2570212,PASS,pass,pass,pass,pass,pass,pass,pass,pass,pass,pass,pass,pass,pass,pass,pass,pass,pass,pass,n/a,n/a
berlin,surface_water.recurrence,primary,0.0,percent,0,2022-01-01T00:00:00Z,model_output,dkcztut32o2ajs2ehillrurbjcyvuzim4qatmtizaewviutvibtq,2570181,2570212,PASS,pass,pass,pass,pass,pass,pass,pass,pass,pass,pass,pass,pass,pass,pass,pass,pass,pass,pass,n/a,n/a
berlin,chirps.precip_daily_mm,absence,,,20726,2026-09-30T18:57:24Z,model_output,bkaovfadmyjwyj6ggx5kct6j4y2cbig2rfwio24cji7cv7ek4kiq,2570184,2570212,PASS,pass,pass,pass,pass,pass,pass,pass,pass,pass,pass,pass,pass,pass,pass,pass,pass,pass,pass,n/a,pass
berlin,firms.active_fires,absence,,,20726,2026-09-30T18:57:28Z,unclassified,k2ykb2dshtzcfamtdrwd6peav4tct3gh4wc4pmhnhcvu27wvu6ma,2570191,2570212,PASS,pass,pass,pass,pass,pass,pass,pass,pass,pass,pass,pass,pass,pass,pass,pass,pass,pass,pass,n/a,pass
berlin,jrc_tmf.deforestation_year,absence,,,0,2026-09-30T18:57:25Z,model_output,w7t2hxc7yvumi6ck75m3fmq5rv4o4qwgzjy3y5zq5xodbx6exudq,2570187,2570212,PASS,pass,pass,pass,pass,pass,pass,pass,pass,pass,pass,pass,pass,pass,pass,pass,pass,pass,pass,n/a,pass
berlin,soilgrids.phh2o_0_30cm,absence,,,0,2026-09-30T18:57:24Z,model_output,msqj4t54fro7aj7hb333racgmaohxjqgxwd57jz47jzymqvyjowa,2570189,2570212,PASS,pass,pass,pass,pass,pass,pass,pass,pass,pass,pass,pass,pass,pass,pass,pass,pass,pass,pass,n/a,pass
berlin,soilgrids.soc_0_30cm,absence,,,0,2026-09-30T18:57:24Z,model_output,mkwinv556gemukzvucnj3em3s3bhspp7lct3pmrwv63yeztl6a3q,2570192,2570212,PASS,pass,pass,pass,pass,pass,pass,pass,pass,pass,pass,pass,pass,pass,pass,pass,pass,pass,pass,n/a,pass
keylong,indices.ndvi,primary,-0.048604578237692105,,19019,2022-01-27T05:49:49.620000Z,deterministic_index,2dpnuf4eqjgmacmwq5hqoofpcslmsmehtui2mnul5x6pbh2ttnwq,546488,2570212,PASS,pass,pass,pass,pass,pass,n/a,pass,pass,pass,pass,pass,pass,pass,pass,pass,pass,pass,pass,pass,pass
keylong,indices.ndvi,primary,-0.011024040377208093,,19024,2022-02-01T05:49:43.775000Z,deterministic_index,av3yiinq7ss65rp2zq5sez47fepcu2kgcbw6kdvwbmryhols3ecq,546495,2570212,PASS,pass,pass,pass,pass,pass,n/a,pass,pass,pass,pass,pass,pass,pass,pass,pass,pass,pass,pass,pass,pass
keylong,indices.ndvi,primary,-0.00980392156862746,,19031,2022-02-08T05:39:47.930000Z,deterministic_index,ambveemg22gb6sxg43zmyotgzkl2bdv42y4od64nvlj63qfjwisa,546499,2570212,PASS,pass,pass,pass,pass,pass,n/a,pass,pass,pass,pass,pass,pass,pass,pass,pass,pass,pass,pass,pass,pass
keylong,indices.ndvi,primary,-0.04433811802232854,,19034,2022-02-11T05:49:43.755000Z,deterministic_index,r47ns5s7yboyn5l2qmwstpw7z2fwvjgxb5zqowe76g2dkhbxdagq,546500,2570212,PASS,pass,pass,pass,pass,pass,n/a,pass,pass,pass,pass,pass,pass,pass,pass,pass,pass,pass,pass,pass,pass
keylong,indices.ndvi,primary,-0.01643690349946981,,19036,2022-02-13T05:39:53.357000Z,deterministic_index,pawwouui324b5ohyalaehuzk3pe5th7wn2tz2mfeepe35izzq7yq,546502,2570212,PASS,pass,pass,pass,pass,pass,n/a,pass,pass,pass,pass,pass,pass,pass,pass,pass,pass,pass,pass,pass,pass
keylong,indices.ndvi,primary,0.0017777777777777668,,19384,2023-01-27T05:49:47.383000Z,deterministic_index,pdggyrzguuwuy3hhaslof2hkdmwupzmdap3e53yw7zsksja7xaxq,546504,2570212,PASS,pass,pass,pass,pass,pass,n/a,pass,pass,pass,pass,pass,pass,pass,pass,pass,pass,pass,pass,pass,pass
keylong,indices.ndvi,primary,-0.031200423056583833,,19389,2023-02-01T05:49:48.046000Z,deterministic_index,6bixwohsocr7ml4jrjga6zq2i3d4v4ir73z2wbhie7qzovzoadsq,546506,2570212,PASS,pass,pass,pass,pass,pass,n/a,pass,pass,pass,pass,pass,pass,pass,pass,pass,pass,pass,pass,pass,pass
keylong,indices.ndvi,primary,-0.029637760702524704,,19391,2023-02-03T05:39:50.400000Z,deterministic_index,gxatpd7rxcybtcqkguejubt5uu2mlzpjjjzgpuekugoxdxricisa,546511,2570212,PASS,pass,pass,pass,pass,pass,n/a,pass,pass,pass,pass,pass,pass,pass,pass,pass,pass,pass,pass,pass,pass
keylong,indices.ndvi,primary,-0.02461899179366937,,19396,2023-02-08T05:39:52.505000Z,deterministic_index,abq3ohgxtkhefaluiitasxj2x7g22xatcqgudn44z2vbnpqqp66a,546516,2570212,PASS,pass,pass,pass,pass,pass,n/a,pass,pass,pass,pass,pass,pass,pass,pass,pass,pass,pass,pass,pass,pass
keylong,indices.ndvi,primary,0.010460251046025113,,19401,2023-02-13T05:39:52.093000Z,deterministic_index,w2aiub3fjkrkh4cezwsktlne3z2l7zciwtxl6tfpqjl3kf5g3osa,546518,2570212,PASS,pass,pass,pass,pass,pass,n/a,pass,pass,pass,pass,pass,pass,pass,pass,pass,pass,pass,pass,pass,pass
keylong,indices.ndvi,primary,0.1324651998203862,,19749,2024-01-27T05:49:44.153000Z,deterministic_index,zgtxa5b3sz6sqqcuvqped63m2thrjfnsd5turq4uracpki3wstsa,546525,2570212,PASS,pass,pass,pass,pass,pass,n/a,pass,pass,pass,pass,pass,pass,pass,pass,pass,pass,pass,pass,pass,pass
keylong,indices.ndvi,primary,-0.014266842800528368,,19759,2024-02-06T05:49:45.484000Z,deterministic_index,uvpcasbwhfjyg7pwp2ad7hjrtvgzk4hfq7vg5wc7hhinzc35krva,546527,2570212,PASS,pass,pass,pass,pass,pass,n/a,pass,pass,pass,pass,pass,pass,pass,pass,pass,pass,pass,pass,pass,pass
keylong,indices.ndvi,primary,-0.005760368663594475,,19761,2024-02-08T05:39:53.364000Z,deterministic_index,jtqrz5afacn7qejs4m2gbzep3rxmddza7d6vbcy7mpnv2sbtlhmq,546529,2570212,PASS,pass,pass,pass,pass,pass,n/a,pass,pass,pass,pass,pass,pass,pass,pass,pass,pass,pass,pass,pass,pass
keylong,indices.ndvi,primary,-0.02734374999999997,,19764,2024-02-11T05:49:50.198000Z,deterministic_index,qwli4ej4zdadwr3cyvmpz5qpttleko44ydh3kqvbfab25dkk5dua,546535,2570212,PASS,pass,pass,pass,pass,pass,n/a,pass,pass,pass,pass,pass,pass,pass,pass,pass,pass,pass,pass,pass,pass
keylong,indices.ndvi,primary,0.07730986800754236,,20116,2025-01-28T05:40:21.394000Z,deterministic_index,qinwnmwkyifxztpojlfqpjjrobifnwmaltezctp7gwvyh23eugja,546536,2570212,PASS,pass,pass,pass,pass,pass,n/a,pass,pass,pass,pass,pass,pass,pass,pass,pass,pass,pass,pass,pass,pass
keylong,indices.ndvi,primary,0.14350797266514806,,20119,2025-01-31T05:50:16.536000Z,deterministic_index,dhesyu6hlocjrkkjs6mgus7scl2qle43tpeu5zfiw66ozw4nv3bq,546537,2570212,PASS,pass,pass,pass,pass,pass,n/a,pass,pass,pass,pass,pass,pass,pass,pass,pass,pass,pass,pass,pass,pass
keylong,indices.ndvi,primary,0.09228441754916789,,20121,2025-02-02T05:39:56.021000Z,deterministic_index,l5bhccee7b4vt277nsnldnz3euxil26clvpytlx2clghhpfg4oyq,546539,2570212,PASS,pass,pass,pass,pass,pass,n/a,pass,pass,pass,pass,pass,pass,pass,pass,pass,pass,pass,pass,pass,pass
keylong,indices.ndvi,primary,0.018344075359444694,,20126,2025-02-07T05:40:20.323000Z,deterministic_index,52rd5swgxsqrh4okxjjjvauuvgag6wqa37xwdx3n6oqferl3bh5a,546548,2570212,PASS,pass,pass,pass,pass,pass,n/a,pass,pass,pass,pass,pass,pass,pass,pass,pass,pass,pass,pass,pass,pass
keylong,indices.ndvi,primary,0.04109589041095884,,20131,2025-02-12T05:39:57.261000Z,deterministic_index,odzwxq7gymlpn7lniohjifgc64lntae3pxka2m236y456d3ehura,546551,2570212,PASS,pass,pass,pass,pass,pass,n/a,pass,pass,pass,pass,pass,pass,pass,pass,pass,pass,pass,pass,pass,pass
keylong,indices.ndvi,primary,-0.04559270516717322,,20149,2025-03-02T05:38:01.025000Z,deterministic_index,egnix55xnlwnutvaiyp6wmrpfiastichsswkkalc7qebnmrqwffq,2571160,2571336,PASS,pass,pass,pass,pass,pass,n/a,pass,pass,pass,pass,pass,pass,pass,pass,pass,pass,pass,pass,pass,pass
keylong,indices.ndvi,primary,-0.005967604433077572,,20151,2025-03-04T05:26:49.024000Z,deterministic_index,dccco5g67rt5lexvlrnt5pqrojo3b3s4cxdn62j6vfrtqw67uuza,2571161,2571336,PASS,pass,pass,pass,pass,pass,n/a,pass,pass,pass,pass,pass,pass,pass,pass,pass,pass,pass,pass,pass,pass
keylong,indices.ndvi,primary,-0.021711366538952746,,20154,2025-03-07T05:36:49.024000Z,deterministic_index,ul74ppkfjsd5wrvitzestifoqemvd3jym5f6au32c34rlbpbwdna,2571162,2571336,PASS,pass,pass,pass,pass,pass,n/a,pass,pass,pass,pass,pass,pass,pass,pass,pass,pass,pass,pass,pass,pass
keylong,indices.ndvi,primary,-0.039381153305203996,,20156,2025-03-09T05:27:11.025000Z,deterministic_index,5lo7yvchfdx3svyhgvdcs4ua4m23x6pic4eaj375bywnwmdywghq,2571163,2571336,PASS,pass,pass,pass,pass,pass,n/a,pass,pass,pass,pass,pass,pass,pass,pass,pass,pass,pass,pass,pass,pass
keylong,indices.ndvi,primary,-0.007999999999999964,,20161,2025-03-14T05:26:49.024000Z,deterministic_index,ilhnucuw3ezipljhofawuxccdvnpcpwozl6xb5sfrcsccmijsqxq,2571164,2571336,PASS,pass,pass,pass,pass,pass,n/a,pass,pass,pass,pass,pass,pass,pass,pass,pass,pass,pass,pass,pass,pass
keylong,indices.ndvi,primary,-0.05626313837022387,,20164,2025-03-17T05:36:49.024000Z,deterministic_index,wonip2v36xyhrtwl5t4hrhel7o34lh3w3qnbbg5jofvdpgopmxaq,2571165,2571336,PASS,pass,pass,pass,pass,pass,n/a,pass,pass,pass,pass,pass,pass,pass,pass,pass,pass,pass,pass,pass,pass
keylong,indices.ndvi,primary,-0.033643521832498184,,20169,2025-03-22T05:37:01.025000Z,deterministic_index,wvsktgghwbbfawlvk3tmnxb5cvex2gckx4cuxnc6xjuthhpqyhza,2571166,2571336,PASS,pass,pass,pass,pass,pass,n/a,pass,pass,pass,pass,pass,pass,pass,pass,pass,pass,pass,pass,pass,pass
keylong,indices.ndvi,primary,0.08944628490298154,,20171,2025-03-24T05:26:49.024000Z,deterministic_index,57gxhasa46rj2gugpzfq3jbyx6mca34gl3bqa2w3aarfmohoi42q,2571167,2571336,PASS,pass,pass,pass,pass,pass,n/a,pass,pass,pass,pass,pass,pass,pass,pass,pass,pass,pass,pass,pass,pass
keylong,indices.ndvi,primary,0.125506072874494,,20174,2025-03-27T05:36:49.024000Z,deterministic_index,bdersdzw5n54bydv7vqj46oo6ogvlrcsamwxhzxtekkx7rf4k75a,2571168,2571336,PASS,pass,pass,pass,pass,pass,n/a,pass,pass,pass,pass,pass,pass,pass,pass,pass,pass,pass,pass,pass,pass
keylong,indices.ndvi,primary,0.1159090909090909,,20176,2025-03-29T05:28:41.025000Z,deterministic_index,2xxrfa6bkt3lt2p2yhzawkk5mradps6kw3rjdm35gsovpmlt7y3a,2571169,2571336,PASS,pass,pass,pass,pass,pass,n/a,pass,pass,pass,pass,pass,pass,pass,pass,pass,pass,pass,pass,pass,pass
keylong,indices.ndvi,primary,0.1159090909090909,,20178,2025-03-31T05:32:41.024000Z,deterministic_index,vwrsgykste3v2cpkbdf6nmd3h77shkpmbbkpdraqi4dlxtie56aq,2571170,2571336,PASS,pass,pass,pass,pass,pass,n/a,pass,pass,pass,pass,pass,pass,pass,pass,pass,pass,pass,pass,pass,pass
keylong,indices.ndvi,primary,0.13690851735015772,,20179,2025-04-01T05:37:01.025000Z,deterministic_index,3uqyffbwcw2mnpv4wjtuxszzx4ah6bdr6642sz6e23hx4qjehxrq,2571171,2571336,PASS,pass,pass,pass,pass,pass,n/a,pass,pass,pass,pass,pass,pass,pass,pass,pass,pass,pass,pass,pass,pass
keylong,indices.ndvi,primary,0.13329551900170158,,20181,2025-04-03T05:26:49.024000Z,deterministic_index,ztnusdzumedrb6nfmyxbpzq3wn5nrdq7rwqlxwbi26wqasu63nha,2571172,2571336,PASS,pass,pass,pass,pass,pass,n/a,pass,pass,pass,pass,pass,pass,pass,pass,pass,pass,pass,pass,pass,pass
keylong,indices.ndvi,primary,0.1694435712040239,,20184,2025-04-06T05:36:39.024000Z,deterministic_index,4euht427es2uruob2lmxssceoqg6f3ltq4soelirhzxmqf2e34vq,2571173,2571336,PASS,pass,pass,pass,pass,pass,n/a,pass,pass,pass,pass,pass,pass,pass,pass,pass,pass,pass,pass,pass,pass
keylong,indices.ndvi,primary,0.16097023153252482,,20186,2025-04-08T05:27:11.024000Z,deterministic_index,akdmtpziqibykoi7cn6xlkeeojeyakodjcls5wtifmg6aem4d3zq,2571174,2571336,PASS,pass,pass,pass,pass,pass,n/a,pass,pass,pass,pass,pass,pass,pass,pass,pass,pass,pass,pass,pass,pass
keylong,indices.ndvi,primary,0.20584926884139476,,20191,2025-04-13T05:26:49.024000Z,deterministic_index,2l5ta6hkuvvlhnjkphkctjlxht66f3sa3oxwgfv2dvjjcstyzhca,2571175,2571336,PASS,pass,pass,pass,pass,pass,n/a,pass,pass,pass,pass,pass,pass,pass,pass,pass,pass,pass,pass,pass,pass
keylong,indices.ndvi,primary,0.2773972602739725,,20194,2025-04-16T05:36:49.024000Z,deterministic_index,sh35c7qbddanlwx62k42eaizps4l7vsyob32kbprrurbm4z2kr4q,2571176,2571336,PASS,pass,pass,pass,pass,pass,n/a,pass,pass,pass,pass,pass,pass,pass,pass,pass,pass,pass,pass,pass,pass
keylong,indices.ndvi,primary,0.2474170744970093,,20196,2025-04-18T05:27:11.025000Z,deterministic_index,cijznct4colahrrjg335rvcloevj3uxr246joddzkvy7gzyo2wya,2571177,2571336,PASS,pass,pass,pass,pass,pass,n/a,pass,pass,pass,pass,pass,pass,pass,pass,pass,pass,pass,pass,pass,pass
keylong,indices.ndvi,primary,0.31238670694864046,,20201,2025-04-23T05:42:51.024000Z,deterministic_index,zgklv5c6t2vyw4urhkn4y5g6qjnfcd7v6a5be7prjc7rx4y6b7tq,2571178,2571336,PASS,pass,pass,pass,pass,pass,n/a,pass,pass,pass,pass,pass,pass,pass,pass,pass,pass,pass,pass,pass,pass
keylong,indices.ndvi,primary,0.3749242883101151,,20204,2025-04-26T05:36:39.024000Z,deterministic_index,bkfpa7dnxtg3g64twxe4y4zlwmjlen7nyedxotm5fbyitwllftjq,2571179,2571336,PASS,pass,pass,pass,pass,pass,n/a,pass,pass,pass,pass,pass,pass,pass,pass,pass,pass,pass,pass,pass,pass
keylong,indices.ndvi,primary,0.3443673251468232,,20206,2025-04-28T05:27:11.025000Z,deterministic_index,zabwh3mxvxby2mgkyz7apjfrpfz4a3w6g33xjrcnkv27jyvcwxhq,2571180,2571336,PASS,pass,pass,pass,pass,pass,n/a,pass,pass,pass,pass,pass,pass,pass,pass,pass,pass,pass,pass,pass,pass
keylong,indices.ndvi,primary,0.40710541642399534,,20209,2025-05-01T05:37:01.025000Z,deterministic_index,bqtkdup7yzun2icuc3wdgxy2ncshldouyzy7vhxybqi7lnxol2ca,2571181,2571336,PASS,pass,pass,pass,pass,pass,n/a,pass,pass,pass,pass,pass,pass,pass,pass,pass,pass,pass,pass,pass,pass
keylong,indices.ndvi,primary,0.6073619631901841,,20219,2025-05-11T05:37:01.025000Z,deterministic_index,iai54v4dnvwaklgyopolulskuu2wyifsi4pxivyjhrup73uvnroa,2571182,2571336,PASS,pass,pass,pass,pass,pass,n/a,pass,pass,pass,pass,pass,pass,pass,pass,pass,pass,pass,pass,pass,pass
keylong,indices.ndvi,primary,0.44160583941605835,,20221,2025-05-13T05:26:49.024000Z,deterministic_index,j4ez6ll5yokybeqhl6mbz7r5uqcssuwqoaemx5rvi4hsgkx5nlra,2571183,2571336,PASS,pass,pass,pass,pass,pass,n/a,pass,pass,pass,pass,pass,pass,pass,pass,pass,pass,pass,pass,pass,pass
keylong,indices.ndvi,primary,0.4737854737854738,,20226,2025-05-18T05:27:01.025000Z,deterministic_index,m4ymsv465gddpeiszrqbcjqglumsvyjotjxaccik6zlcyymvotra,2571184,2571336,PASS,pass,pass,pass,pass,pass,n/a,pass,pass,pass,pass,pass,pass,pass,pass,pass,pass,pass,pass,pass,pass
keylong,indices.ndvi,primary,0.6085271317829456,,20229,2025-05-21T05:37:01.025000Z,deterministic_index,3esge77p6esdllhlj7hjkgezgxf7x7nguxckd5fyfa5lawhmsxsq,2571185,2571336,PASS,pass,pass,pass,pass,pass,n/a,pass,pass,pass,pass,pass,pass,pass,pass,pass,pass,pass,pass,pass,pass
keylong,indices.ndvi,primary,0.5087223008015087,,20231,2025-05-23T05:26:49.024000Z,deterministic_index,2qhftyky3ga7lf32b7yknfw6zi7js26y63gujmjpd6touipcttna,2571186,2571336,PASS,pass,pass,pass,pass,pass,n/a,pass,pass,pass,pass,pass,pass,pass,pass,pass,pass,pass,pass,pass,pass
keylong,indices.ndvi,primary,0.5934959349593496,,20234,2025-05-26T05:36:39.024000Z,deterministic_index,r26hi43g3vpdjyavsyri3ofuv7ewyfrlibbxjuaub54izpqxrz6q,2571187,2571336,PASS,pass,pass,pass,pass,pass,n/a,pass,pass,pass,pass,pass,pass,pass,pass,pass,pass,pass,pass,pass,pass
keylong,indices.ndvi,primary,0.5927342256214149,,20241,2025-06-02T05:26:49.024000Z,deterministic_index,bs7s5a43vq4lb57x4y4pnwl3w3qa4vbrhsnmmqukstlduvm2swxa,2571188,2571336,PASS,pass,pass,pass,pass,pass,n/a,pass,pass,pass,pass,pass,pass,pass,pass,pass,pass,pass,pass,pass,pass
keylong,indices.ndvi,primary,0.5951492537313433,,20246,2025-06-07T05:27:11.024000Z,deterministic_index,7r4vbsvkw7zsx6jy5qp2oqhy5e5ppdgbinperu2c76tllzir3enq,2571189,2571336,PASS,pass,pass,pass,pass,pass,n/a,pass,pass,pass,pass,pass,pass,pass,pass,pass,pass,pass,pass,pass,pass
keylong,indices.ndvi,primary,0.6575137294058913,,20249,2025-06-10T05:37:01.025000Z,deterministic_index,j57vasawosbg7kmjs3zuzynr7t3izbcu5ycwtvubpct2ykqll7qq,2571190,2571336,PASS,pass,pass,pass,pass,pass,n/a,pass,pass,pass,pass,pass,pass,pass,pass,pass,pass,pass,pass,pass,pass
keylong,indices.ndvi,primary,0.5576662143826323,,20251,2025-06-12T05:26:49.024000Z,deterministic_index,u63sp2h7nzmcr2nxuavww554auiimcgvv7odojlee2yd7xn3vola,2571191,2571336,PASS,pass,pass,pass,pass,pass,n/a,pass,pass,pass,pass,pass,pass,pass,pass,pass,pass,pass,pass,pass,pass
keylong,indices.ndvi,primary,0.6971962616822429,,20258,2025-06-19T05:32:41.024000Z,deterministic_index,cesimadglabj6fa6isv6e6imhctyy2djoyhng63ptsuoyqe7heda,2571192,2571336,PASS,pass,pass,pass,pass,pass,n/a,pass,pass,pass,pass,pass,pass,pass,pass,pass,pass,pass,pass,pass,pass
keylong,indices.ndvi,primary,0.6928454905616406,,20264,2025-06-25T05:36:49.024000Z,deterministic_index,npphkevfdzgqucd2sdhhuasl2v2v6yfkitbapjen2faxnhvbpplq,2571193,2571336,PASS,pass,pass,pass,pass,pass,n/a,pass,pass,pass,pass,pass,pass,pass,pass,pass,pass,pass,pass,pass,pass
keylong,indices.ndvi,primary,0.6740088105726872,,20266,2025-06-27T05:27:11.025000Z,deterministic_index,vv2q2wquhpiay45mksjbhpft4pi4vb6gzbhj4glntugeph2c3zsa,2571194,2571336,PASS,pass,pass,pass,pass,pass,n/a,pass,pass,pass,pass,pass,pass,pass,pass,pass,pass,pass,pass,pass,pass
keylong,indices.ndvi,primary,0.6661480328961992,,20271,2025-07-02T05:26:49.024000Z,deterministic_index,egp4mm5tmuzqfgg22ngjcrzwwbai5lyhtk6ulbew7tgtookiyw3a,2571195,2571336,PASS,pass,pass,pass,pass,pass,n/a,pass,pass,pass,pass,pass,pass,pass,pass,pass,pass,pass,pass,pass,pass
keylong,indices.ndvi,primary,0.7238239757207892,,20274,2025-07-05T05:36:49.024000Z,deterministic_index,zrcqs2vx5qsqq3mswnflojcq5trtp3xl2me5dmvkwdn7ukym3qpa,2571196,2571336,PASS,pass,pass,pass,pass,pass,n/a,pass,pass,pass,pass,pass,pass,pass,pass,pass,pass,pass,pass,pass,pass
keylong,indices.ndvi,primary,0.698792435634541,,20276,2025-07-07T05:27:11.025000Z,deterministic_index,7uwcb5xibwcmjl3cgr75hiktc7krgtqgynmufovguc55wc2if7za,2571197,2571336,PASS,pass,pass,pass,pass,pass,n/a,pass,pass,pass,pass,pass,pass,pass,pass,pass,pass,pass,pass,pass,pass
keylong,indices.ndvi,primary,0.7273823884197828,,20286,2025-07-17T05:27:11.025000Z,deterministic_index,lsrqzf43ypizelqqnltsu3jfinhmfxab4ntzpfvaacsltre473bq,2571198,2571336,PASS,pass,pass,pass,pass,pass,n/a,pass,pass,pass,pass,pass,pass,pass,pass,pass,pass,pass,pass,pass,pass
keylong,indices.ndvi,primary,0.7212909682261696,,20289,2025-07-20T05:37:01.025000Z,deterministic_index,frzmuzkpnmhsaxvvlsot6v5s7qtoezoxbmm25e3cmxeefwlp7dka,2571199,2571336,PASS,pass,pass,pass,pass,pass,n/a,pass,pass,pass,pass,pass,pass,pass,pass,pass,pass,pass,pass,pass,pass
keylong,indices.ndvi,primary,0.7596882442087032,,20296,2025-07-27T05:30:41.025000Z,deterministic_index,v6cqz7cv7mutitdgaep24tnqrhdyjyomuqxeyqtm7dblvg5zhljq,2571200,2571336,PASS,pass,pass,pass,pass,pass,n/a,pass,pass,pass,pass,pass,pass,pass,pass,pass,pass,pass,pass,pass,pass
keylong,indices.ndvi,primary,0.7941004102363742,,20306,2025-08-06T05:27:01.024000Z,deterministic_index,rc2mpyysxiq4arbkgsmswhpikgcw6mfd5ivktup45wr3jvvcnvma,2571201,2571336,PASS,pass,pass,pass,pass,pass,n/a,pass,pass,pass,pass,pass,pass,pass,pass,pass,pass,pass,pass,pass,pass
keylong,indices.ndvi,primary,0.40577249575551777,,20311,2025-08-11T05:26:49.024000Z,deterministic_index,w55qck5rvqti2xu6w37skelvqns4qzuo3bvgp3o5kf4dxfbof2pq,2571202,2571336,PASS,pass,pass,pass,pass,pass,n/a,pass,pass,pass,pass,pass,pass,pass,pass,pass,pass,pass,pass,pass,pass
keylong,indices.ndvi,primary,0.2716049382716049,,20316,2025-08-16T05:27:01.024000Z,deterministic_index,35hjsdebqzb2g7ddbt6f2mlx4nqcua2mnxueol7c5q54x4nkp3pa,2571203,2571336,PASS,pass,pass,pass,pass,pass,n/a,pass,pass,pass,pass,pass,pass,pass,pass,pass,pass,pass,pass,pass,pass
keylong,indices.ndvi,primary,0.4736225087924971,,20319,2025-08-19T05:37:01.025000Z,deterministic_index,5ahk2vf2offgfv6ws5brm73aoscn2qrtwysk2nnfkgmwcqduzmjq,2571204,2571336,PASS,pass,pass,pass,pass,pass,n/a,pass,pass,pass,pass,pass,pass,pass,pass,pass,pass,pass,pass,pass,pass
keylong,indices.ndvi,primary,0.44438295517432214,,20321,2025-08-21T05:26:49.024000Z,deterministic_index,mpjwi6462r5t6vwcybr6iwrsvlraouh74hhok2o6edke5vz5iuiq,2571205,2571336,PASS,pass,pass,pass,pass,pass,n/a,pass,pass,pass,pass,pass,pass,pass,pass,pass,pass,pass,pass,pass,pass
keylong,indices.ndvi,primary,0.5601125854443104,,20336,2025-09-05T05:27:01.025000Z,deterministic_index,ucvd5nbad7jtn5jb5lhtbyejtcktk4hdo3do4lha2syztem7zfma,2571206,2571336,PASS,pass,pass,pass,pass,pass,n/a,pass,pass,pass,pass,pass,pass,pass,pass,pass,pass,pass,pass,pass,pass
keylong,indices.ndvi,primary,0.5556865055981143,,20341,2025-09-10T05:26:49.024000Z,deterministic_index,cpwbtjzcgsmmd2ifwonm2et6t3bwzoeavx3qsyd6r4yygktepkba,2571207,2571336,PASS,pass,pass,pass,pass,pass,n/a,pass,pass,pass,pass,pass,pass,pass,pass,pass,pass,pass,pass,pass,pass
keylong,indices.ndvi,primary,0.5984872360542073,,20344,2025-09-13T05:36:39.024000Z,deterministic_index,tzxpxrx5aurqvhmgtldjhn4ttuvcrhzxz6dbjvf6t54jz63frddq,2571208,2571336,PASS,pass,pass,pass,pass,pass,n/a,pass,pass,pass,pass,pass,pass,pass,pass,pass,pass,pass,pass,pass,pass
keylong,indices.ndvi,primary,0.6289791437980242,,20346,2025-09-15T05:27:01.025000Z,deterministic_index,pitvauymasymskralidx3cuwqyjc4zsktpvspmzezozo5277vjna,2571209,2571336,PASS,pass,pass,pass,pass,pass,n/a,pass,pass,pass,pass,pass,pass,pass,pass,pass,pass,pass,pass,pass,pass
keylong,indices.ndvi,primary,0.6200886262924666,,20349,2025-09-18T05:36:51.025000Z,deterministic_index,6wjavzwctok2n3qye5ft77fxbpbsagtshrbxwzh6dx6cmis66r7a,2571210,2571336,PASS,pass,pass,pass,pass,pass,n/a,pass,pass,pass,pass,pass,pass,pass,pass,pass,pass,pass,pass,pass,pass
keylong,indices.ndvi,primary,0.6037079953650057,,20351,2025-09-20T05:26:49.024000Z,deterministic_index,tomipqiog5o2djk2xylv6onlfv4zoruyaf2flebbyfd3o64ldgja,2571211,2571336,PASS,pass,pass,pass,pass,pass,n/a,pass,pass,pass,pass,pass,pass,pass,pass,pass,pass,pass,pass,pass,pass
keylong,indices.ndvi,primary,0.618986529826812,,20354,2025-09-23T05:36:39.024000Z,deterministic_index,t7nc2mpwsps6lzo5fd442lynok64nrucjr4x2jtefjqda6y6hpwa,2571212,2571336,PASS,pass,pass,pass,pass,pass,n/a,pass,pass,pass,pass,pass,pass,pass,pass,pass,pass,pass,pass,pass,pass
keylong,indices.ndvi,primary,0.6006637168141593,,20356,2025-09-25T05:27:01.024000Z,deterministic_index,fal3ndhgdh4ecws6nxluyqsajat6ghff3whmemni5mbwxhkhma4q,2557548,2570212,PASS,pass,pass,pass,pass,pass,n/a,pass,pass,pass,pass,pass,pass,pass,pass,pass,pass,pass,pass,pass,pass
keylong,indices.ndvi,primary,0.5577596266044341,,20358,2025-09-27T05:32:41.024000Z,deterministic_index,gl3cepxngl6kouadxnw4g4uvapunkenv7dccq5gamgyej5wkvbiq,2571213,2571336,PASS,pass,pass,pass,pass,pass,n/a,pass,pass,pass,pass,pass,pass,pass,pass,pass,pass,pass,pass,pass,pass
keylong,indices.ndvi,primary,0.60582171012735,,20359,2025-09-28T05:37:01.025000Z,deterministic_index,ppqhsnziipnlfb2otd6lvgrcrvoca2d4kshsbndhty5rozvmpbfa,2571214,2571336,PASS,pass,pass,pass,pass,pass,n/a,pass,pass,pass,pass,pass,pass,pass,pass,pass,pass,pass,pass,pass,pass
keylong,indices.ndvi,primary,0.5476329631794272,,20361,2025-09-30T05:26:49.024000Z,deterministic_index,olqj3po6jo7a6do5yt7joa35gx7v3ot4uc55mwx7vmjudhznvesq,2571215,2571336,PASS,pass,pass,pass,pass,pass,n/a,pass,pass,pass,pass,pass,pass,pass,pass,pass,pass,pass,pass,pass,pass
keylong,indices.ndvi,primary,-0.02223634053367219,,20369,2025-10-08T05:37:41.025000Z,deterministic_index,ws76b5b4egsxj6odagleis7n4begblgxufgietlbkdhbyfxbwvaa,2571216,2571336,PASS,pass,pass,pass,pass,pass,n/a,pass,pass,pass,pass,pass,pass,pass,pass,pass,pass,pass,pass,pass,pass
keylong,indices.ndvi,primary,0.11232876712328774,,20371,2025-10-10T05:26:49.024000Z,deterministic_index,qncg5ycemsejbnocf6l63lefqqt63ap7noij6vqnboaokuldmsla,2571217,2571336,PASS,pass,pass,pass,pass,pass,n/a,pass,pass,pass,pass,pass,pass,pass,pass,pass,pass,pass,pass,pass,pass
keylong,indices.ndvi,primary,0.4752509518864658,,20374,2025-10-13T05:36:59.024000Z,deterministic_index,5euwulti6u3ukkgjdkastydr4wrdup2lzsezfzii43phqk276mma,2571218,2571336,PASS,pass,pass,pass,pass,pass,n/a,pass,pass,pass,pass,pass,pass,pass,pass,pass,pass,pass,pass,pass,pass
keylong,indices.ndvi,primary,0.4456904838192886,,20376,2025-10-15T05:28:21.025000Z,deterministic_index,4n2lhps42quim36wlithjaapnshyzpu3jvfpxpmqm7tctd5sengq,2571219,2571336,PASS,pass,pass,pass,pass,pass,n/a,pass,pass,pass,pass,pass,pass,pass,pass,pass,pass,pass,pass,pass,pass
keylong,indices.ndvi,primary,0.39290407358738505,,20378,2025-10-17T05:32:41.024000Z,deterministic_index,2za5oyziyghdh3i3csxmqqblheicoyx47jeckv6bx4tp2yjbt6ua,2571220,2571336,PASS,pass,pass,pass,pass,pass,n/a,pass,pass,pass,pass,pass,pass,pass,pass,pass,pass,pass,pass,pass,pass
keylong,indices.ndvi,primary,0.3998564249820531,,20379,2025-10-18T05:38:41.025000Z,deterministic_index,sbtopiujz2vajuftxtveqbusbulvtj5lk3kechp5wyhsuhlkoglq,2571221,2571336,PASS,pass,pass,pass,pass,pass,n/a,pass,pass,pass,pass,pass,pass,pass,pass,pass,pass,pass,pass,pass,pass
keylong,indices.ndvi,primary,0.36212624584717606,,20381,2025-10-20T05:27:49.024000Z,deterministic_index,34k4wmxefoex4l43qcacrnitbx6kzmuqtczrnkhqtyorgp7n5zma,2571222,2571336,PASS,pass,pass,pass,pass,pass,n/a,pass,pass,pass,pass,pass,pass,pass,pass,pass,pass,pass,pass,pass,pass
keylong,indices.ndvi,primary,0.41279461279461277,,20384,2025-10-23T05:38:09.024000Z,deterministic_index,ke4chyv5goi5eqt3xsyy27fvkmzf4cmighlgdlslperytamkcx3a,2571223,2571336,PASS,pass,pass,pass,pass,pass,n/a,pass,pass,pass,pass,pass,pass,pass,pass,pass,pass,pass,pass,pass,pass
keylong,indices.ndvi,primary,0.3714285714285715,,20386,2025-10-25T05:29:21.025000Z,deterministic_index,zkcprs6akmwmviqisjtpa7ld5axm3i2iyolxcax5pccyo5umayuq,2571224,2571336,PASS,pass,pass,pass,pass,pass,n/a,pass,pass,pass,pass,pass,pass,pass,pass,pass,pass,pass,pass,pass,pass
keylong,indices.ndvi,primary,0.36941813261163736,,20389,2025-10-28T05:39:51.025000Z,deterministic_index,l7jwqsxjtbpqbg5r6t4rv36mbiil5zb6xbsypsnjmhdk4cizujsa,2571225,2571336,PASS,pass,pass,pass,pass,pass,n/a,pass,pass,pass,pass,pass,pass,pass,pass,pass,pass,pass,pass,pass,pass
keylong,indices.ndvi,primary,0.34547662416514874,,20391,2025-10-30T05:28:49.024000Z,deterministic_index,t4fioklxfzhgqvslbecbk5ww2b4gfsfq5cpe7noxpfqeqnmjxgpq,2571226,2571336,PASS,pass,pass,pass,pass,pass,n/a,pass,pass,pass,pass,pass,pass,pass,pass,pass,pass,pass,pass,pass,pass
keylong,indices.ndvi,primary,0.37719578409453847,,20394,2025-11-02T05:39:09.024000Z,deterministic_index,pbcx2oo2q4o7cvd2qwrxa73te2ub2r7pvmbvmrrbud56kjizdpqq,2571227,2571336,PASS,pass,pass,pass,pass,pass,n/a,pass,pass,pass,pass,pass,pass,pass,pass,pass,pass,pass,pass,pass,pass
keylong,indices.ndvi,primary,0.3000639795265515,,20396,2025-11-04T05:30:41.025000Z,deterministic_index,5x7nizwkcju5je2swp6kal724njh5ksyweworaxu2g7mv26q5nua,2571228,2571336,PASS,pass,pass,pass,pass,pass,n/a,pass,pass,pass,pass,pass,pass,pass,pass,pass,pass,pass,pass,pass,pass
keylong,indices.ndvi,primary,0.3272946859903382,,20398,2025-11-06T05:32:41.024000Z,deterministic_index,kga4lairaavbqikovpmzlqbh3cjjbbsky5od3hr4477nxyvaiz4a,2571229,2571336,PASS,pass,pass,pass,pass,pass,n/a,pass,pass,pass,pass,pass,pass,pass,pass,pass,pass,pass,pass,pass,pass
keylong,indices.ndvi,primary,0.33422192602465844,,20399,2025-11-07T05:40:41.025000Z,deterministic_index,jbe7arunsjvd2vqpnkjo54qy2co2hcrvzqmatkyqu23ldhxgedhq,2571230,2571336,PASS,pass,pass,pass,pass,pass,n/a,pass,pass,pass,pass,pass,pass,pass,pass,pass,pass,pass,pass,pass,pass
keylong,indices.ndvi,primary,0.2778489116517285,,20401,2025-11-09T05:29:39.024000Z,deterministic_index,abexsf72hhujdaarr4pgskp5afrc2beckpkzfotxxwtufkcun56a,2571231,2571336,PASS,pass,pass,pass,pass,pass,n/a,pass,pass,pass,pass,pass,pass,pass,pass,pass,pass,pass,pass,pass,pass
keylong,indices.ndvi,primary,0.3257828114590273,,20404,2025-11-12T05:39:59.024000Z,deterministic_index,hlpsryqjr3kz42fqzzwucrdilf2uwo5ld6bnnufdluie5zingr2q,2571232,2571336,PASS,pass,pass,pass,pass,pass,n/a,pass,pass,pass,pass,pass,pass,pass,pass,pass,pass,pass,pass,pass,pass
keylong,indices.ndvi,primary,0.26263871763255237,,20406,2025-11-14T05:31:11.025000Z,deterministic_index,hy7ao3bt5apxyhk5a6h2jhsmsjheo726s2wzburobqiricd35jyq,2571233,2571336,PASS,pass,pass,pass,pass,pass,n/a,pass,pass,pass,pass,pass,pass,pass,pass,pass,pass,pass,pass,pass,pass
keylong,indices.ndvi,primary,0.2803180914512923,,20409,2025-11-17T05:41:31.025000Z,deterministic_index,gad7jb3d5y3eavsw5rafcpa5ulelwyhwvlcgqybghpwyz3c3aaya,2571234,2571336,PASS,pass,pass,pass,pass,pass,n/a,pass,pass,pass,pass,pass,pass,pass,pass,pass,pass,pass,pass,pass,pass
keylong,indices.ndvi,primary,0.25778661365142475,,20411,2025-11-19T05:30:29.024000Z,deterministic_index,bg6ra6md5f7fo5mb4hm3scpgssaly6z6sk4a6czweciegdns4ijq,2571235,2571336,PASS,pass,pass,pass,pass,pass,n/a,pass,pass,pass,pass,pass,pass,pass,pass,pass,pass,pass,pass,pass,pass
keylong,indices.ndvi,primary,0.2717391304347826,,20414,2025-11-22T05:40:39.024000Z,deterministic_index,or6diopgrw57bozl4appslnzutqu2bdw5dw5q5tpp2dz2zibepva,2571236,2571336,PASS,pass,pass,pass,pass,pass,n/a,pass,pass,pass,pass,pass,pass,pass,pass,pass,pass,pass,pass,pass,pass
keylong,indices.ndvi,primary,0.23743718592964824,,20416,2025-11-24T05:31:51.025000Z,deterministic_index,5wn5azfvmdcpwxuqaqzanmko2aec35tyvd2hr5qcq3apay6b5yla,2571237,2571336,PASS,pass,pass,pass,pass,pass,n/a,pass,pass,pass,pass,pass,pass,pass,pass,pass,pass,pass,pass,pass,pass
keylong,indices.ndvi,primary,0.234314980793854,,20418,2025-11-26T05:32:51.024000Z,deterministic_index,o6n2wpooii4t3wrlaqykow42t2cdn3dngjcp6arifr6t7drolema,2571238,2571336,PASS,pass,pass,pass,pass,pass,n/a,pass,pass,pass,pass,pass,pass,pass,pass,pass,pass,pass,pass,pass,pass
keylong,indices.ndvi,primary,0.22682445759368836,,20419,2025-11-27T05:42:11.025000Z,deterministic_index,ezobstlti3rk2yfqxcb3z6tp6lmwf45jndenfirpdscgnb6qny6q,2571239,2571336,PASS,pass,pass,pass,pass,pass,n/a,pass,pass,pass,pass,pass,pass,pass,pass,pass,pass,pass,pass,pass,pass
keylong,indices.ndvi,primary,0.23185613359023757,,20421,2025-11-29T05:30:59.024000Z,deterministic_index,snzym7yecqbnacabc7ackhoa253zlcrdtn6auybwrbkf7kboasdq,2571240,2571336,PASS,pass,pass,pass,pass,pass,n/a,pass,pass,pass,pass,pass,pass,pass,pass,pass,pass,pass,pass,pass,pass
keylong,indices.ndvi,primary,-0.052199413489736016,,20481,2026-01-28T05:39:48.587000Z,deterministic_index,4qj3l4mgh7ch5kvxmkqspjdl6y42oqhm42khh3gostccpixkbz5q,546552,2570212,PASS,pass,pass,pass,pass,pass,n/a,pass,pass,pass,pass,pass,pass,pass,pass,pass,pass,pass,pass,pass,pass
keylong,indices.ndvi,primary,-0.01909854851031323,,20486,2026-02-02T05:39:52.551000Z,deterministic_index,aeg2w2m3d3am2nmfnugytlw5dc6ciwzderx66w3i4khodvdoxnoq,546557,2570212,PASS,pass,pass,pass,pass,pass,n/a,pass,pass,pass,pass,pass,pass,pass,pass,pass,pass,pass,pass,pass,pass
keylong,indices.ndvi,primary,-0.024856994279771165,,20489,2026-02-05T05:49:49.561000Z,deterministic_index,sb5xeaw2s2i4jnlyawuabc7di3tgm5zh24ihc73nvch3le3do3ba,546558,2570212,PASS,pass,pass,pass,pass,pass,n/a,pass,pass,pass,pass,pass,pass,pass,pass,pass,pass,pass,pass,pass,pass
keylong,indices.ndvi,primary,-0.010737496467928787,,20491,2026-02-07T05:39:48.042000Z,deterministic_index,kxd7jgts5wcidgkszlgeycv3ry7npdxd3ullcad3xht26ncqcexa,546563,2570212,PASS,pass,pass,pass,pass,pass,n/a,pass,pass,pass,pass,pass,pass,pass,pass,pass,pass,pass,pass,pass,pass
keylong,indices.ndvi,primary,-0.029639944300775857,,20496,2026-02-12T05:39:55.174000Z,deterministic_index,27wcyyi4zvzgybvqzzdtese5ra5zsrj3jasy2fdvla5pyvsgmspq,546566,2570212,PASS,pass,pass,pass,pass,pass,n/a,pass,pass,pass,pass,pass,pass,pass,pass,pass,pass,pass,pass,pass,pass
keylong,indices.ndvi,primary,0.1263687481503403,,20514,2026-03-02T05:36:39.024000Z,deterministic_index,2etdpvwibg6dge3jleoy4lfe53kqphdr2c5rh7rraiuc7pqidadq,2570200,2570212,PASS,pass,pass,pass,pass,pass,n/a,pass,pass,pass,pass,pass,pass,pass,pass,pass,pass,pass,pass,pass,pass
keylong,indices.ndvi,primary,0.09798186604270255,,20516,2026-03-04T05:27:21.025000Z,deterministic_index,bkucgr5rwx5acphqiirnc6rtep5ek4lociginq5u7t6zy57webaa,2570201,2570212,PASS,pass,pass,pass,pass,pass,n/a,pass,pass,pass,pass,pass,pass,pass,pass,pass,pass,pass,pass,pass,pass
keylong,indices.ndvi,primary,0.11118090452261302,,20518,2026-03-06T05:32:51.024000Z,deterministic_index,j63cro5dm4gz5x37elekkjybszofnqesvgvrglrviy7rrydbf2wq,2570202,2570212,PASS,pass,pass,pass,pass,pass,n/a,pass,pass,pass,pass,pass,pass,pass,pass,pass,pass,pass,pass,pass,pass
keylong,indices.ndvi,primary,0.14627994955863804,,20521,2026-03-09T05:26:39.024000Z,deterministic_index,wv576wzhb2v7iujztrtwcjhaz7cfi4aez4mrkr6ospc5alroxgrq,2570203,2570212,PASS,pass,pass,pass,pass,pass,n/a,pass,pass,pass,pass,pass,pass,pass,pass,pass,pass,pass,pass,pass,pass
keylong,indices.ndvi,primary,0.15219421101774042,,20526,2026-03-14T05:26:51.025000Z,deterministic_index,4gql6tueamshkghdo65nk24fexpvpvgwagx3lejgrwb4jy7tujqa,2570204,2570212,PASS,pass,pass,pass,pass,pass,n/a,pass,pass,pass,pass,pass,pass,pass,pass,pass,pass,pass,pass,pass,pass
keylong,indices.ndvi,primary,-0.013440860215053774,,20529,2026-03-17T05:36:41.025000Z,deterministic_index,ocd56xlsoke6lo3nwboz4qja7rzzzvmmr4ao2nyjhgzqq6azmyfa,2570205,2570212,PASS,pass,pass,pass,pass,pass,n/a,pass,pass,pass,pass,pass,pass,pass,pass,pass,pass,pass,pass,pass,pass
keylong,indices.ndvi,primary,0.1317002182876546,,20534,2026-03-22T05:36:39.024000Z,deterministic_index,7uq76ubexqxbr3bxmhkcaxifyzm2ow4uethyevp4lhrhb6jpp3ma,2571241,2571336,PASS,pass,pass,pass,pass,pass,n/a,pass,pass,pass,pass,pass,pass,pass,pass,pass,pass,pass,pass,pass,pass
keylong,indices.ndvi,primary,0.17014399059653237,,20539,2026-03-27T05:36:41.025000Z,deterministic_index,dlud4jknjinqt4hx7k2coly6nua7u6m3qkxszdfqvt7e37w5tcsq,2571242,2571336,PASS,pass,pass,pass,pass,pass,n/a,pass,pass,pass,pass,pass,pass,pass,pass,pass,pass,pass,pass,pass,pass
keylong,indices.ndvi,primary,-0.05560503880900873,,20548,2026-04-05T05:32:51.024000Z,deterministic_index,vdph4ykmfomrl2i34ylyxta5r3frbykcezekeahzk2pcjxttlgfq,2571266,2571336,PASS,pass,pass,pass,pass,pass,n/a,pass,pass,pass,pass,pass,pass,pass,pass,pass,pass,pass,pass,pass,pass
keylong,indices.ndvi,primary,-0.006164383561643853,,20549,2026-04-06T05:36:41.025000Z,deterministic_index,2kxurmof36zg3tpmgdyythscbv4bhmrjz6riir7g3jvsvchdcxfq,2571272,2571336,PASS,pass,pass,pass,pass,pass,n/a,pass,pass,pass,pass,pass,pass,pass,pass,pass,pass,pass,pass,pass,pass
keylong,indices.ndvi,primary,0.1713980789754536,,20556,2026-04-13T05:30:21.025000Z,deterministic_index,z4zj4bpkxzfybw5xhjfbgyofvzw5m4syz5d5m6dq4vht63zjp2xq,2571273,2571336,PASS,pass,pass,pass,pass,pass,n/a,pass,pass,pass,pass,pass,pass,pass,pass,pass,pass,pass,pass,pass,pass
keylong,indices.ndvi,primary,0.32628398791540786,,20559,2026-04-16T05:36:41.025000Z,deterministic_index,fcwwby5vtdsdwn72driweqf3qq3p2evu4n57tpl3yetseiyaznvq,2571274,2571336,PASS,pass,pass,pass,pass,pass,n/a,pass,pass,pass,pass,pass,pass,pass,pass,pass,pass,pass,pass,pass,pass
keylong,indices.ndvi,primary,0.3818503241013553,,20564,2026-04-21T05:36:39.024000Z,deterministic_index,t5g2jdhml5mhkcoxy2gkklwfodbyvhaiwctth5g3ibvfo3op5bgq,2571275,2571336,PASS,pass,pass,pass,pass,pass,n/a,pass,pass,pass,pass,pass,pass,pass,pass,pass,pass,pass,pass,pass,pass
keylong,indices.ndvi,primary,0.36043500776799586,,20566,2026-04-23T05:30:21.025000Z,deterministic_index,erqkxhj4uyvkzm5igjmcqrq6njwydmtqyauquiroosejqzflltyq,2571276,2571336,PASS,pass,pass,pass,pass,pass,n/a,pass,pass,pass,pass,pass,pass,pass,pass,pass,pass,pass,pass,pass,pass
keylong,indices.ndvi,primary,0.43010449025698966,,20569,2026-04-26T05:36:41.025000Z,deterministic_index,gwehadlpntvbpxiqfoxsasozgd5mot3oavld6w75gv2vy7jz7cza,2571277,2571336,PASS,pass,pass,pass,pass,pass,n/a,pass,pass,pass,pass,pass,pass,pass,pass,pass,pass,pass,pass,pass,pass
keylong,indices.ndvi,primary,0.44071702944942376,,20574,2026-05-01T05:36:39.024000Z,deterministic_index,awc3pf5j7sktr6yp6hap6j67d6wquhozu5ytgcffrzgvx2nybjhq,2571278,2571336,PASS,pass,pass,pass,pass,pass,n/a,pass,pass,pass,pass,pass,pass,pass,pass,pass,pass,pass,pass,pass,pass
keylong,indices.ndvi,primary,0.3862851504686729,,20581,2026-05-08T05:26:39.024000Z,deterministic_index,c3i7cpimlhmyhizegrtnvkrn6rcrzdxwpbkhyvmeigjkyozhikna,2571279,2571336,PASS,pass,pass,pass,pass,pass,n/a,pass,pass,pass,pass,pass,pass,pass,pass,pass,pass,pass,pass,pass,pass
keylong,indices.ndvi,primary,0.4745377878689587,,20588,2026-05-15T05:32:41.024000Z,deterministic_index,midyz3lybrxv4e5ocnoa7uc3j3beiocmffceomik7e52lv4nekva,2571280,2571336,PASS,pass,pass,pass,pass,pass,n/a,pass,pass,pass,pass,pass,pass,pass,pass,pass,pass,pass,pass,pass,pass
keylong,indices.ndvi,primary,0.5674666666666667,,20589,2026-05-16T05:36:41.025000Z,deterministic_index,u25ma7zuzvtd23jh7hwt5ifgjxsk2kxjyoc2tzdcfge5wrcaixua,2571281,2571336,PASS,pass,pass,pass,pass,pass,n/a,pass,pass,pass,pass,pass,pass,pass,pass,pass,pass,pass,pass,pass,pass
keylong,indices.ndvi,primary,0.5640732265446226,,20591,2026-05-18T05:42:51.024000Z,deterministic_index,diipckxlcin3effvx3hdwijyra73snkdlko4jcui5kx7ilsl4y4q,2571282,2571336,PASS,pass,pass,pass,pass,pass,n/a,pass,pass,pass,pass,pass,pass,pass,pass,pass,pass,pass,pass,pass,pass
keylong,indices.ndvi,primary,0.5210022107590273,,20596,2026-05-23T05:26:41.025000Z,deterministic_index,slmpt7etbr5v7wgx6efyxhlllhvnxo2wn6qsotokexysulrsljiq,2571283,2571336,PASS,pass,pass,pass,pass,pass,n/a,pass,pass,pass,pass,pass,pass,pass,pass,pass,pass,pass,pass,pass,pass
keylong,indices.ndvi,primary,0.6271975180972079,,20599,2026-05-26T05:36:41.025000Z,deterministic_index,tmlx4snnc72av5v5pg3iijue5dkb5n7knveolnm5zfha2rymkmna,2571284,2571336,PASS,pass,pass,pass,pass,pass,n/a,pass,pass,pass,pass,pass,pass,pass,pass,pass,pass,pass,pass,pass,pass
keylong,indices.ndvi,primary,0.5826086956521739,,20606,2026-06-02T05:26:41.025000Z,deterministic_index,quvnbidqicvoozshjw4pmhszyxzvbdmfdydr244gwvgv32soa7aa,2571285,2571336,PASS,pass,pass,pass,pass,pass,n/a,pass,pass,pass,pass,pass,pass,pass,pass,pass,pass,pass,pass,pass,pass
keylong,indices.ndvi,primary,0.6129899216125421,,20611,2026-06-07T05:26:39.024000Z,deterministic_index,zyorgfe2qdejbuxqvkf7zz37vmn57phndoiszy77tv6haoabxb7q,2571286,2571336,PASS,pass,pass,pass,pass,pass,n/a,pass,pass,pass,pass,pass,pass,pass,pass,pass,pass,pass,pass,pass,pass
keylong,indices.ndvi,primary,0.5429769392033543,,20614,2026-06-10T05:49:47.232000Z,deterministic_index,nh25ek6yx3sktt2iirfpvik53vivulghaomodra3ovmi7ti7dgmq,572871,2570212,PASS,pass,pass,pass,pass,pass,n/a,pass,pass,pass,pass,pass,pass,pass,pass,pass,pass,pass,pass,pass,pass
keylong,indices.ndvi,primary,0.657353259692441,,20628,2026-06-24T05:32:41.024000Z,deterministic_index,svwyrpjrwzbdclvgxfmivn5xbonji222git7bpzqnyzirltf34bq,2571287,2571336,PASS,pass,pass,pass,pass,pass,n/a,pass,pass,pass,pass,pass,pass,pass,pass,pass,pass,pass,pass,pass,pass
keylong,indices.ndvi,primary,0.6809288325091378,,20631,2026-06-27T05:26:39.024000Z,deterministic_index,qqw3jqwr4llqdwucp3cdkgvg6x6nvgsemzitotxs6bae6766gxtq,2571288,2571336,PASS,pass,pass,pass,pass,pass,n/a,pass,pass,pass,pass,pass,pass,pass,pass,pass,pass,pass,pass,pass,pass
keylong,indices.ndvi,primary,0.44793560114256037,,20634,2026-06-30T05:49:47.024000Z,deterministic_index,v7usyptgbm6x3ejgtw7jvur4i6e6exfeorpw2izfqnpytzebl5qa,540131,2570212,PASS,pass,pass,pass,pass,pass,n/a,pass,pass,pass,pass,pass,pass,pass,pass,pass,pass,pass,pass,pass,pass
keylong,indices.ndvi,primary,0.7119838872104733,,20649,2026-07-15T05:36:41.025000Z,deterministic_index,vwjdyfds62ur7angwwumo54g34hv4duxtklbp46smfd3bklgiwxq,2571289,2571336,PASS,pass,pass,pass,pass,pass,n/a,pass,pass,pass,pass,pass,pass,pass,pass,pass,pass,pass,pass,pass,pass
keylong,indices.ndvi,primary,0.4871541501976284,,20651,2026-07-17T05:39:53.603000Z,deterministic_index,jwkqm6ehelmzrwupfwyq2oqotiarexr5bdrt4xbl3znuynhurqxq,568755,2570212,PASS,pass,pass,pass,pass,pass,n/a,pass,pass,pass,pass,pass,pass,pass,pass,pass,pass,pass,pass,pass,pass
keylong,indices.ndvi,primary,0.7273879966187659,,20661,2026-07-27T05:26:49.024000Z,deterministic_index,xbqqfk5r7celr2oj36asofnmzr5eevdmd67ifofbnesgjs7j7eeq,2571290,2571336,PASS,pass,pass,pass,pass,pass,n/a,pass,pass,pass,pass,pass,pass,pass,pass,pass,pass,pass,pass,pass,pass
keylong,indices.ndvi,primary,0.7072183494490668,,20668,2026-08-03T05:32:51.024000Z,deterministic_index,gh6vvnznsmmfka4psdq4x2lfzxhr6644btygxzurqjy7jiwyrr5a,2571291,2571336,PASS,pass,pass,pass,pass,pass,n/a,pass,pass,pass,pass,pass,pass,pass,pass,pass,pass,pass,pass,pass,pass
keylong,indices.ndvi,primary,0.4293059125964011,,20671,2026-08-06T05:26:49.024000Z,deterministic_index,2oeo5ezs4gmhtibjtvlkkg4db37rftlcqurkiq2nszhshta65jha,2571292,2571336,PASS,pass,pass,pass,pass,pass,n/a,pass,pass,pass,pass,pass,pass,pass,pass,pass,pass,pass,pass,pass,pass
keylong,indices.ndvi,primary,0.4345076784101174,,20674,2026-08-09T05:36:39.024000Z,deterministic_index,jgn4hsc2ytbfs2buio3bgkpctdyqds4d3rgdghlxsqfzuxd54vca,2571293,2571336,PASS,pass,pass,pass,pass,pass,n/a,pass,pass,pass,pass,pass,pass,pass,pass,pass,pass,pass,pass,pass,pass
keylong,indices.ndvi,primary,0.3903471634208298,,20681,2026-08-16T05:26:39.024000Z,deterministic_index,7kuu6y2hlqn3kdakaw5xe6gfwumybnhm3qvjibya6fqu5zxgagca,2571294,2571336,PASS,pass,pass,pass,pass,pass,n/a,pass,pass,pass,pass,pass,pass,pass,pass,pass,pass,pass,pass,pass,pass
keylong,indices.ndvi,primary,0.4494215366360131,,20689,2026-08-24T05:36:41.025000Z,deterministic_index,hs5acthlfiqizgoaa4kocuqruh4uxyz5t52ipeyo2ubyaliuqmtq,2571295,2571336,PASS,pass,pass,pass,pass,pass,n/a,pass,pass,pass,pass,pass,pass,pass,pass,pass,pass,pass,pass,pass,pass
keylong,indices.ndvi,primary,0.46440082039261643,,20694,2026-08-29T05:36:39.024000Z,deterministic_index,rdrznvrcep7ethpxa7z5sk3nls4b3rfclogzqsmnbu3cgsj6whna,2571296,2571336,PASS,pass,pass,pass,pass,pass,n/a,pass,pass,pass,pass,pass,pass,pass,pass,pass,pass,pass,pass,pass,pass
keylong,indices.ndvi,primary,0.4007820136852396,,20696,2026-08-31T05:26:41.025000Z,deterministic_index,dcugypdubcfxmqeqq4rdxrjjdwqsmgbhvicyli3bdilzojsq2qua,2571297,2571336,PASS,pass,pass,pass,pass,pass,n/a,pass,pass,pass,pass,pass,pass,pass,pass,pass,pass,pass,pass,pass,pass
keylong,indices.ndvi,primary,0.47969326895768244,,20699,2026-09-03T05:36:41.025000Z,deterministic_index,j46c36kfbkzrryu2i3zkqymucn5o5w6d4uziznx6gn4fuid355cq,2571298,2571336,PASS,pass,pass,pass,pass,pass,n/a,pass,pass,pass,pass,pass,pass,pass,pass,pass,pass,pass,pass,pass,pass
keylong,indices.ndvi,primary,0.43523316062176165,,20701,2026-09-05T05:26:39.024000Z,deterministic_index,ducjgy6qxr767gmfeki2oqp6e5kllzx4i3dwmzz3fvu5fl6rhu5q,2571299,2571336,PASS,pass,pass,pass,pass,pass,n/a,pass,pass,pass,pass,pass,pass,pass,pass,pass,pass,pass,pass,pass,pass
keylong,indices.ndvi,primary,0.46530612244897956,,20704,2026-09-08T05:36:39.024000Z,deterministic_index,cv72gvry64pqn2ccnyk5aqq2uenwlleg64h2vyirzr4b6x4akhwq,2571300,2571336,PASS,pass,pass,pass,pass,pass,n/a,pass,pass,pass,pass,pass,pass,pass,pass,pass,pass,pass,pass,pass,pass
keylong,indices.ndvi,primary,0.4030145787002718,,20706,2026-09-10T05:26:41.025000Z,deterministic_index,ccdlbl2ektx3btds7rpzp65ziugiw2pkyyw3ka3hqqvvhkpohe3q,2571301,2571336,PASS,pass,pass,pass,pass,pass,n/a,pass,pass,pass,pass,pass,pass,pass,pass,pass,pass,pass,pass,pass,pass
keylong,indices.ndvi,primary,0.45320326918006854,,20708,2026-09-12T05:32:41.024000Z,deterministic_index,fmqfudqtqdyb67wp2gvy6fnaujv3ndlezwf3o5amause3wqnyd6q,2571302,2571336,PASS,pass,pass,pass,pass,pass,n/a,pass,pass,pass,pass,pass,pass,pass,pass,pass,pass,pass,pass,pass,pass
keylong,indices.ndvi,primary,0.4729586426299046,,20709,2026-09-13T05:36:41.025000Z,deterministic_index,k4244lyhbp6knqv43e4dn6qrkkxu3b7k65etg4u23ado4ylbgd5a,2571303,2571336,PASS,pass,pass,pass,pass,pass,n/a,pass,pass,pass,pass,pass,pass,pass,pass,pass,pass,pass,pass,pass,pass
keylong,indices.ndvi,primary,0.3443019598354706,,20711,2026-09-15T05:26:39.024000Z,deterministic_index,ytck2qynqptfchmrvxejzwsej3dhpz4omdecouidq46ul46orkia,2571304,2571336,PASS,pass,pass,pass,pass,pass,n/a,pass,pass,pass,pass,pass,pass,pass,pass,pass,pass,pass,pass,pass,pass
keylong,indices.ndvi,primary,0.4899031811894883,,20714,2026-09-18T05:36:39.024000Z,deterministic_index,6t22dgsbuzhh5b4bmjt7ejg3bfod3o377zvimz5iqkrezchsf7wq,2571305,2571336,PASS,pass,pass,pass,pass,pass,n/a,pass,pass,pass,pass,pass,pass,pass,pass,pass,pass,pass,pass,pass,pass
keylong,indices.ndvi,primary,0.4130669546436284,,20716,2026-09-20T05:26:51.025000Z,deterministic_index,ucu3v57ibm2kbx2gtrvlzkcm65kqqnx3sgo7avdbghan6hxhrk6a,2571306,2571336,PASS,pass,pass,pass,pass,pass,n/a,pass,pass,pass,pass,pass,pass,pass,pass,pass,pass,pass,pass,pass,pass
keylong,indices.ndvi,primary,0.34435075885328836,,20719,2026-09-23T05:36:41.025000Z,deterministic_index,kxjvfwpa7grmfhkxoxufq5xjltq2s5syer2rzdx7odbnrxhnjzkq,2356353,2570212,PASS,pass,pass,pass,pass,pass,n/a,pass,pass,pass,pass,pass,pass,pass,pass,pass,pass,pass,pass,pass,pass
keylong,indices.ndvi,primary,0.4708994708994709,,20721,2026-09-25T05:42:51.024000Z,deterministic_index,oj5ceccile62uvm6hedpuk67cjt2pqc7z33mtsyuffgakxbxmyaa,2457078,2570212,PASS,pass,pass,pass,pass,pass,n/a,pass,pass,pass,pass,pass,pass,pass,pass,pass,pass,pass,pass,pass,pass
rondonia,esa_cci_biomass.agb_t_per_ha_2022,primary,0.0,t_per_ha,52,2025-03-01T00:00:00Z,model_output,og2rbjgbfa3s65egor7xsb3msrv6rt47ebcp5qfdbqsn7n7sofla,2571340,2571654,PASS,pass,pass,pass,pass,pass,pass,pass,pass,pass,pass,pass,pass,pass,pass,pass,pass,pass,pass,n/a,n/a
rondonia,hansen.loss_year,primary,0,year_of_loss,55,2025-04-01T00:00:00Z,model_output,ewjl7b37rk5f57huailutozkyou2akxesrzeejwp7fnj5lvrokrq,2571339,2571654,PASS,pass,pass,pass,pass,pass,pass,pass,pass,pass,pass,pass,pass,pass,pass,pass,pass,pass,pass,n/a,n/a
rondonia,hansen.tree_cover_2000,primary,0,percent_canopy_cover,55,2025-04-01T00:00:00Z,model_output,3enn4wsyabcnjblgmauqcedfm7q276p44aykab7rvkt2hophzb6q,2571339,2571654,PASS,pass,pass,pass,pass,pass,pass,pass,pass,pass,pass,pass,pass,pass,pass,pass,pass,pass,pass,n/a,n/a
rondonia,indices.ndvi,primary,0.30090725806451607,,20724,2026-09-28T14:28:01.024000Z,deterministic_index,46jjubzumxmsv5ze52z6mmf7mkusm5ik3mbikptpfhjvvtud4ckq,2571346,2571654,PASS,pass,pass,pass,pass,pass,pass,pass,pass,pass,pass,pass,pass,pass,pass,pass,pass,pass,pass,n/a,pass
rondonia,jrc_gfc2020.forest_2020,primary,0,boolean_eudr_forest_2020,0,2024-04-25T00:00:00Z,model_output,ieontr754lh3ndg3sslaaef4bqqrqigwlm3z44i4ubqkxmvachyq,2571344,2571654,PASS,pass,pass,pass,pass,pass,pass,pass,pass,pass,pass,pass,pass,pass,pass,pass,pass,pass,pass,n/a,n/a
rondonia,jrc_tmf.deforestation_year,primary,0,year_of_deforestation,55,2025-06-01T00:00:00Z,model_output,c2p6pdwyc4rwjgbfps535pqu4kkqurl3ygljaedhejc5xfvpdbaa,2571344,2571654,PASS,pass,pass,pass,pass,pass,pass,pass,pass,pass,pass,pass,pass,pass,pass,pass,pass,pass,pass,n/a,n/a
rondonia,esa_cci_biomass.agb_t_per_ha_2022,primary,0.0,t_per_ha,52,2025-03-01T00:00:00Z,model_output,vpn3c2dbtpgk424k5pidfvfxfapzveplcyghiwoztxdv6lxjrctq,2571357,2571654,PASS,pass,pass,pass,pass,pass,pass,pass,pass,pass,pass,pass,pass,pass,pass,pass,pass,pass,pass,n/a,n/a
rondonia,hansen.loss_year,primary,2012,year_of_loss,55,2025-04-01T00:00:00Z,model_output,vecm6m72hij74a6m7it36awog7fglsp55epglvuz4bil45x45xta,2571357,2571654,PASS,pass,pass,pass,pass,pass,pass,pass,pass,pass,pass,pass,pass,pass,pass,pass,pass,pass,pass,n/a,n/a
rondonia,hansen.tree_cover_2000,primary,97,percent_canopy_cover,55,2025-04-01T00:00:00Z,model_output,3rt3i27hslxjlycba7axwkfx434qe5qw34oqyevk4scfhiicysea,2571357,2571654,PASS,pass,pass,pass,pass,pass,pass,pass,pass,pass,pass,pass,pass,pass,pass,pass,pass,pass,pass,n/a,n/a
rondonia,indices.ndvi,primary,0.3927932532583695,,20724,2026-09-28T14:28:01.024000Z,deterministic_index,kt4bu4sot45l7sjbmv2d42w7t4kdchr76uyjyeuyua266cxpbq2q,2571359,2571654,PASS,pass,pass,pass,pass,pass,pass,pass,pass,pass,pass,pass,pass,pass,pass,pass,pass,pass,pass,n/a,pass
rondonia,jrc_gfc2020.forest_2020,primary,0,boolean_eudr_forest_2020,0,2024-04-25T00:00:00Z,model_output,xshquukgogesckbvasw7bu523tgjly5e3riqdkwspr56shyxwbxq,2571357,2571654,PASS,pass,pass,pass,pass,pass,pass,pass,pass,pass,pass,pass,pass,pass,pass,pass,pass,pass,pass,n/a,n/a
rondonia,jrc_tmf.deforestation_year,primary,2002,year_of_deforestation,55,2025-06-01T00:00:00Z,model_output,5si5emjasgri36qhbwadcccpngbcbe4knigggoudg4d72y73hlha,2571357,2571654,PASS,pass,pass,pass,pass,pass,pass,pass,pass,pass,pass,pass,pass,pass,pass,pass,pass,pass,pass,n/a,n/a
rondonia,esa_cci_biomass.agb_t_per_ha_2022,primary,0.0,t_per_ha,52,2025-03-01T00:00:00Z,model_output,ahskueyqcm63nwobyjja5mgainpbx6lb2cwt5lhuwtcry2qypxfq,2571356,2571654,PASS,pass,pass,pass,pass,pass,pass,pass,pass,pass,pass,pass,pass,pass,pass,pass,pass,pass,pass,n/a,n/a
rondonia,hansen.loss_year,primary,0,year_of_loss,55,2025-04-01T00:00:00Z,model_output,nowavx3jo3jz6a2sgvcrrtb2znrd2jm4gndm2kt6ttotalnvfu5a,2571355,2571654,PASS,pass,pass,pass,pass,pass,pass,pass,pass,pass,pass,pass,pass,pass,pass,pass,pass,pass,pass,n/a,n/a
rondonia,hansen.tree_cover_2000,primary,0,percent_canopy_cover,55,2025-04-01T00:00:00Z,model_output,ana3hzqku4xo5677btktnmgrlzi4fhfhsxynfhzucnxiznjornnq,2571356,2571654,PASS,pass,pass,pass,pass,pass,pass,pass,pass,pass,pass,pass,pass,pass,pass,pass,pass,pass,pass,n/a,n/a
rondonia,indices.ndvi,primary,0.32860520094562645,,20724,2026-09-28T14:28:01.024000Z,deterministic_index,dgvpkff2gg6xjmqogrvp2s2i4wsug27gr5gudrqpuwynwntraqeq,2571358,2571654,PASS,pass,pass,pass,pass,pass,pass,pass,pass,pass,pass,pass,pass,pass,pass,pass,pass,pass,pass,n/a,pass
rondonia,jrc_gfc2020.forest_2020,primary,0,boolean_eudr_forest_2020,0,2024-04-25T00:00:00Z,model_output,nsakm6tddt32dnx5i3hulmw44wtn6bknp2dde45ryebxxo6nbsma,2571356,2571654,PASS,pass,pass,pass,pass,pass,pass,pass,pass,pass,pass,pass,pass,pass,pass,pass,pass,pass,pass,n/a,n/a
rondonia,jrc_tmf.deforestation_year,primary,1999,year_of_deforestation,55,2025-06-01T00:00:00Z,model_output,usrgh2bni4oajit7y2hafqcqatbfwfvhnidvadfwidbv3xlcielq,2571356,2571654,PASS,pass,pass,pass,pass,pass,pass,pass,pass,pass,pass,pass,pass,pass,pass,pass,pass,pass,pass,n/a,n/a
rondonia,esa_cci_biomass.agb_t_per_ha_2022,primary,0.0,t_per_ha,52,2025-03-01T00:00:00Z,model_output,qvfwvfnqmhu5km4rexyzxw2iypxuk3kdjscx6orlbt7rwnt7jwoa,2571361,2571654,PASS,pass,pass,pass,pass,pass,pass,pass,pass,pass,pass,pass,pass,pass,pass,pass,pass,pass,pass,n/a,n/a
rondonia,hansen.loss_year,primary,0,year_of_loss,55,2025-04-01T00:00:00Z,model_output,hjajrjremz52sj27ji5ejtsn5aiuc2ui5oxucgnlviyla7hvodmq,2571360,2571654,PASS,pass,pass,pass,pass,pass,pass,pass,pass,pass,pass,pass,pass,pass,pass,pass,pass,pass,pass,n/a,n/a
rondonia,hansen.tree_cover_2000,primary,0,percent_canopy_cover,55,2025-04-01T00:00:00Z,model_output,a65bnyz2hdv5b375jzgwcmez53yj62s74vg2cfpo3arrw3mz5f2q,2571361,2571654,PASS,pass,pass,pass,pass,pass,pass,pass,pass,pass,pass,pass,pass,pass,pass,pass,pass,pass,pass,n/a,n/a
rondonia,indices.ndvi,primary,0.19434628975265017,,20724,2026-09-28T14:28:01.024000Z,deterministic_index,xfgvo7pelynuuuyc6wb5p5zjzpo5cxfpge5cab5sfttq3kcwghta,2571362,2571654,PASS,pass,pass,pass,pass,pass,pass,pass,pass,pass,pass,pass,pass,pass,pass,pass,pass,pass,pass,n/a,pass
rondonia,jrc_gfc2020.forest_2020,primary,0,boolean_eudr_forest_2020,0,2024-04-25T00:00:00Z,model_output,zf46bfzj4rwjb44z7vhk2umxqyfo52vnjkm3voj34ck55ukougyq,2571361,2571654,PASS,pass,pass,pass,pass,pass,pass,pass,pass,pass,pass,pass,pass,pass,pass,pass,pass,pass,pass,n/a,n/a
rondonia,jrc_tmf.deforestation_year,primary,0,year_of_deforestation,55,2025-06-01T00:00:00Z,model_output,5dhfv5kamjbc3uug6d4azvdr4qnoekov26wgoxdzuomjyy7f5vcq,2571361,2571654,PASS,pass,pass,pass,pass,pass,pass,pass,pass,pass,pass,pass,pass,pass,pass,pass,pass,pass,pass,n/a,n/a
rondonia,esa_cci_biomass.agb_t_per_ha_2022,primary,0.0,t_per_ha,52,2025-03-01T00:00:00Z,model_output,econcjhp5kbbw3m2trubq6hef4dz22umf3l6ingjxm52z674ih3q,2571342,2571654,PASS,pass,pass,pass,pass,pass,pass,pass,pass,pass,pass,pass,pass,pass,pass,pass,pass,pass,pass,n/a,n/a
rondonia,hansen.loss_year,primary,2012,year_of_loss,55,2025-04-01T00:00:00Z,model_output,rcilayfswfqgr42f2shlg3jb6wygimn4dg42gtjwylyhmbgdoe7q,2571342,2571654,PASS,pass,pass,pass,pass,pass,pass,pass,pass,pass,pass,pass,pass,pass,pass,pass,pass,pass,pass,n/a,n/a
rondonia,hansen.tree_cover_2000,primary,99,percent_canopy_cover,55,2025-04-01T00:00:00Z,model_output,nce757ccuaz3bshlvthbntk36pos5vgo53ggeib2pwexnpyhwpga,2571342,2571654,PASS,pass,pass,pass,pass,pass,pass,pass,pass,pass,pass,pass,pass,pass,pass,pass,pass,pass,pass,n/a,n/a
rondonia,indices.ndvi,primary,0.3530717986676536,,20724,2026-09-28T14:28:01.024000Z,deterministic_index,hms3tz76ueasn2x4gc6rahwm7cjfi3alyforcizghs5afwyal66q,2571347,2571654,PASS,pass,pass,pass,pass,pass,pass,pass,pass,pass,pass,pass,pass,pass,pass,pass,pass,pass,pass,n/a,pass
rondonia,jrc_gfc2020.forest_2020,primary,0,boolean_eudr_forest_2020,0,2024-04-25T00:00:00Z,model_output,f6yzm3awmizrf7rd7pgye3kma6ynp323flezoylkbiaf7mgh2lsa,2571344,2571654,PASS,pass,pass,pass,pass,pass,pass,pass,pass,pass,pass,pass,pass,pass,pass,pass,pass,pass,pass,n/a,n/a
rondonia,jrc_tmf.deforestation_year,primary,2006,year_of_deforestation,55,2025-06-01T00:00:00Z,model_output,seh5ly3qa4ltktcevdiesycaiwwdktmdfy4z67wmrvtnbxvmj3ba,2571344,2571654,PASS,pass,pass,pass,pass,pass,pass,pass,pass,pass,pass,pass,pass,pass,pass,pass,pass,pass,pass,n/a,n/a
rondonia,esa_cci_biomass.agb_t_per_ha_2022,primary,238.0,t_per_ha,52,2025-03-01T00:00:00Z,model_output,zonl4a6mj3eirfl7q5rdp4wwkkfhofzffsnjng34pfmpe7i2eroa,2571344,2571654,PASS,pass,pass,pass,pass,pass,pass,pass,pass,pass,pass,pass,pass,pass,pass,pass,pass,pass,pass,n/a,n/a
rondonia,hansen.loss_year,primary,0,year_of_loss,55,2025-04-01T00:00:00Z,model_output,rxf4uhegdkbtaiuafh4thv6w5dhf6cpesmw23e4epfkasxrwqfra,2571343,2571654,PASS,pass,pass,pass,pass,pass,pass,pass,pass,pass,pass,pass,pass,pass,pass,pass,pass,pass,pass,n/a,n/a
rondonia,hansen.tree_cover_2000,primary,95,percent_canopy_cover,55,2025-04-01T00:00:00Z,model_output,qpfvtqopdxqvuqexy6diilzw2d5efh436nikkjueu3l5udbz4qrq,2571343,2571654,PASS,pass,pass,pass,pass,pass,pass,pass,pass,pass,pass,pass,pass,pass,pass,pass,pass,pass,pass,n/a,n/a
rondonia,indices.ndvi,primary,0.8476803432555646,,20724,2026-09-28T14:28:01.024000Z,deterministic_index,hrnfmzlez4tuulavbdzfz6bo63pww2xeiamykuvtg7bvjozkl6aa,2571348,2571654,PASS,pass,pass,pass,pass,pass,pass,pass,pass,pass,pass,pass,pass,pass,pass,pass,pass,pass,pass,n/a,pass
rondonia,jrc_gfc2020.forest_2020,primary,1,boolean_eudr_forest_2020,0,2024-04-25T00:00:00Z,model_output,na6xmbre7s3xyv3glpdkxouimenfvutn656dvivi7golp5knuzba,2571344,2571654,PASS,pass,pass,pass,pass,pass,pass,pass,pass,pass,pass,pass,pass,pass,pass,pass,pass,pass,pass,n/a,n/a
rondonia,jrc_tmf.deforestation_year,primary,0,year_of_deforestation,55,2025-06-01T00:00:00Z,model_output,pewgasb6xdm6d6wz6bilmxjon4fv6wnion44kj755gqa2xgrf4vq,2571345,2571654,PASS,pass,pass,pass,pass,pass,pass,pass,pass,pass,pass,pass,pass,pass,pass,pass,pass,pass,pass,n/a,n/a
rondonia,esa_cci_biomass.agb_t_per_ha_2022,primary,23.0,t_per_ha,52,2025-03-01T00:00:00Z,model_output,srj5bsp4obzdzqyr22grg4c2hb5spzd7fpn62lg3gxj3e7zwlh3a,2571342,2571654,PASS,pass,pass,pass,pass,pass,pass,pass,pass,pass,pass,pass,pass,pass,pass,pass,pass,pass,pass,n/a,n/a
rondonia,hansen.loss_year,primary,0,year_of_loss,55,2025-04-01T00:00:00Z,model_output,gwqjctcptr54dqcgaqg5cj3526mpnbf5imb7xaxks5xlo6sdq3jq,2571341,2571654,PASS,pass,pass,pass,pass,pass,pass,pass,pass,pass,pass,pass,pass,pass,pass,pass,pass,pass,pass,n/a,n/a
rondonia,hansen.tree_cover_2000,primary,0,percent_canopy_cover,55,2025-04-01T00:00:00Z,model_output,nald6aeb7vivhcrfeqfubb5imqmhncvf6torh364a4mdohk3lpha,2571342,2571654,PASS,pass,pass,pass,pass,pass,pass,pass,pass,pass,pass,pass,pass,pass,pass,pass,pass,pass,pass,n/a,n/a
rondonia,indices.ndvi,primary,0.3887665198237886,,20724,2026-09-28T14:28:01.024000Z,deterministic_index,b32kjvg2cx3vybpnz7cqy2gamlsdqzswmf4r623xg7rc6qfabz2q,2571349,2571654,PASS,pass,pass,pass,pass,pass,pass,pass,pass,pass,pass,pass,pass,pass,pass,pass,pass,pass,pass,n/a,pass
rondonia,jrc_gfc2020.forest_2020,primary,0,boolean_eudr_forest_2020,0,2024-04-25T00:00:00Z,model_output,em2zkl42apqrefwllp7thfe4nptbc4wo6hvkhk3t7km5gcb4gtzq,2571344,2571654,PASS,pass,pass,pass,pass,pass,pass,pass,pass,pass,pass,pass,pass,pass,pass,pass,pass,pass,pass,n/a,n/a
rondonia,jrc_tmf.deforestation_year,primary,0,year_of_deforestation,55,2025-06-01T00:00:00Z,model_output,z5hqerhd3c32f3zl6u36vs237j25fmzmqexplunaucjal2zkfwgq,2571344,2571654,PASS,pass,pass,pass,pass,pass,pass,pass,pass,pass,pass,pass,pass,pass,pass,pass,pass,pass,pass,n/a,n/a
rondonia,esa_cci_biomass.agb_t_per_ha_2022,primary,0.0,t_per_ha,52,2025-03-01T00:00:00Z,model_output,jrmavd6qypfrm37mws47cln7soueku3jvaif3mriit5jacce5ckq,2571352,2571654,PASS,pass,pass,pass,pass,pass,pass,pass,pass,pass,pass,pass,pass,pass,pass,pass,pass,pass,pass,n/a,n/a
rondonia,hansen.loss_year,primary,0,year_of_loss,55,2025-04-01T00:00:00Z,model_output,b7nvgyc2f75iel7pkguar7xtsoqs3zqlgnw6rahbd4k22ap7fj5a,2571352,2571654,PASS,pass,pass,pass,pass,pass,pass,pass,pass,pass,pass,pass,pass,pass,pass,pass,pass,pass,pass,n/a,n/a
rondonia,hansen.tree_cover_2000,primary,0,percent_canopy_cover,55,2025-04-01T00:00:00Z,model_output,xtncnkrgqyysvdknc2jjvlldghi7dy7pwtbasn5qk3tl5662wxsa,2571352,2571654,PASS,pass,pass,pass,pass,pass,pass,pass,pass,pass,pass,pass,pass,pass,pass,pass,pass,pass,pass,n/a,n/a
rondonia,indices.ndvi,primary,0.39678284182305634,,20724,2026-09-28T14:28:01.024000Z,deterministic_index,emyu4ym7t4kzzucyh3gzhk64bl6o5m7vnhe6q2ikwkvmcweenpsa,2571354,2571654,PASS,pass,pass,pass,pass,pass,pass,pass,pass,pass,pass,pass,pass,pass,pass,pass,pass,pass,pass,n/a,pass
rondonia,jrc_gfc2020.forest_2020,primary,0,boolean_eudr_forest_2020,0,2024-04-25T00:00:00Z,model_output,gkotjwttls5j6mg5z6wuxgmel2j4wifdkvv5hmh452yr45sm2rbq,2571352,2571654,PASS,pass,pass,pass,pass,pass,pass,pass,pass,pass,pass,pass,pass,pass,pass,pass,pass,pass,pass,n/a,n/a
rondonia,jrc_tmf.deforestation_year,primary,0,year_of_deforestation,55,2025-06-01T00:00:00Z,model_output,z5nwtbj3zc6dh6t2ogn5hbk43fumg72ks26j2ostijhh2flbhbra,2571352,2571654,PASS,pass,pass,pass,pass,pass,pass,pass,pass,pass,pass,pass,pass,pass,pass,pass,pass,pass,pass,n/a,n/a
rondonia,esa_cci_biomass.agb_t_per_ha_2022,primary,0.0,t_per_ha,52,2025-03-01T00:00:00Z,model_output,sjq2e5td5vzcgkddwumozalxy57ieyxprd4gdh36ppnhkstxyxzq,2571351,2571654,PASS,pass,pass,pass,pass,pass,pass,pass,pass,pass,pass,pass,pass,pass,pass,pass,pass,pass,pass,n/a,n/a
rondonia,hansen.loss_year,primary,0,year_of_loss,55,2025-04-01T00:00:00Z,model_output,r2cswumblmdfqskj3xl2gb4m6ywpiuexzfb3s5mcdkljojnaiy7q,2571350,2571654,PASS,pass,pass,pass,pass,pass,pass,pass,pass,pass,pass,pass,pass,pass,pass,pass,pass,pass,pass,n/a,n/a
rondonia,hansen.tree_cover_2000,primary,0,percent_canopy_cover,55,2025-04-01T00:00:00Z,model_output,4lbkrjq2twrhbbnq5ggapuue4pmyyrxu5knn2focvtwx2z66yi7q,2571351,2571654,PASS,pass,pass,pass,pass,pass,pass,pass,pass,pass,pass,pass,pass,pass,pass,pass,pass,pass,pass,n/a,n/a
rondonia,indices.ndvi,primary,0.3318872017353579,,20724,2026-09-28T14:28:01.024000Z,deterministic_index,nwbevpkxcw5vmy7hyas3y7zsw7k4xok65yuxdbfeoksimxeewvlq,2571353,2571654,PASS,pass,pass,pass,pass,pass,pass,pass,pass,pass,pass,pass,pass,pass,pass,pass,pass,pass,pass,n/a,pass
rondonia,jrc_gfc2020.forest_2020,primary,0,boolean_eudr_forest_2020,0,2024-04-25T00:00:00Z,model_output,jyt6wlpvsmsv2vq6gijeazc2qe6jd6qburhlmye4zfgju2mmjfva,2571351,2571654,PASS,pass,pass,pass,pass,pass,pass,pass,pass,pass,pass,pass,pass,pass,pass,pass,pass,pass,pass,n/a,n/a
rondonia,jrc_tmf.deforestation_year,primary,0,year_of_deforestation,55,2025-06-01T00:00:00Z,model_output,nzp6il2lyc5tsiibllmink6llqazvnalt5z2q7szzzub5ufhnyoq,2571351,2571654,PASS,pass,pass,pass,pass,pass,pass,pass,pass,pass,pass,pass,pass,pass,pass,pass,pass,pass,pass,n/a,n/a
rondonia,esa_cci_biomass.agb_t_per_ha_2022,primary,0.0,t_per_ha,52,2025-03-01T00:00:00Z,model_output,tl3wjuh26ru4jz6nnl2cwctlnhrnv3seyqpbjzbx425qz43yjqgq,2571364,2571654,PASS,pass,pass,pass,pass,pass,pass,pass,pass,pass,pass,pass,pass,pass,pass,pass,pass,pass,pass,n/a,n/a
rondonia,hansen.loss_year,primary,0,year_of_loss,55,2025-04-01T00:00:00Z,model_output,x277fzuko7ujpz4nsttlxy2ufzruvzjukur5rbcbyvhgiexrh5oq,2571363,2571654,PASS,pass,pass,pass,pass,pass,pass,pass,pass,pass,pass,pass,pass,pass,pass,pass,pass,pass,pass,n/a,n/a
rondonia,hansen.tree_cover_2000,primary,0,percent_canopy_cover,55,2025-04-01T00:00:00Z,model_output,5lm4jdmyqhin625ifggkgy72gglghfgrjif5iqwibfk3mvgslh3q,2571364,2571654,PASS,pass,pass,pass,pass,pass,pass,pass,pass,pass,pass,pass,pass,pass,pass,pass,pass,pass,pass,n/a,n/a
rondonia,indices.ndvi,primary,0.4796896394340484,,20717,2026-09-21T14:27:09.024000Z,deterministic_index,3bd5padsxsz7uiabrokiblwbf7fx33ntqhnpvhaa4cikk65tkizq,2571377,2571654,PASS,pass,pass,pass,pass,pass,pass,pass,pass,pass,pass,pass,pass,pass,pass,pass,pass,pass,pass,n/a,pass
rondonia,jrc_gfc2020.forest_2020,primary,0,boolean_eudr_forest_2020,0,2024-04-25T00:00:00Z,model_output,3ltbm5tscx7favmkivq7p7yysjhn2h2d3t3hnd6enkspdjy2trma,2571364,2571654,PASS,pass,pass,pass,pass,pass,pass,pass,pass,pass,pass,pass,pass,pass,pass,pass,pass,pass,pass,n/a,n/a
rondonia,jrc_tmf.deforestation_year,primary,0,year_of_deforestation,55,2025-06-01T00:00:00Z,model_output,owb67cqdjxkakrjwojvwnjmt7nmhihmx4zjsilvsq46gzi44uglq,2571364,2571654,PASS,pass,pass,pass,pass,pass,pass,pass,pass,pass,pass,pass,pass,pass,pass,pass,pass,pass,pass,n/a,n/a
rondonia,esa_cci_biomass.agb_t_per_ha_2022,primary,0.0,t_per_ha,52,2025-03-01T00:00:00Z,model_output,tunwbgndl3jjf543bpzdv6prgxmyvq5owo3uuxmu3nafmvkyipta,2571373,2571654,PASS,pass,pass,pass,pass,pass,pass,pass,pass,pass,pass,pass,pass,pass,pass,pass,pass,pass,pass,n/a,n/a
rondonia,hansen.loss_year,primary,0,year_of_loss,55,2025-04-01T00:00:00Z,model_output,cpkqhhwzswdhl5hoozby5yuxlxrgjz722ctm72lw42swvorjbosq,2571367,2571654,PASS,pass,pass,pass,pass,pass,pass,pass,pass,pass,pass,pass,pass,pass,pass,pass,pass,pass,pass,n/a,n/a
rondonia,hansen.tree_cover_2000,primary,0,percent_canopy_cover,55,2025-04-01T00:00:00Z,model_output,vnzk64uy3abbmso6nts4icen6ncj7shzlbjgvgoebqm6urx6qhxa,2571369,2571654,PASS,pass,pass,pass,pass,pass,pass,pass,pass,pass,pass,pass,pass,pass,pass,pass,pass,pass,pass,n/a,n/a
rondonia,indices.ndvi,primary,0.19053427665284214,,20724,2026-09-28T14:28:01.024000Z,deterministic_index,lo7wo3exksqr6637j2mvgfclqsg6uzaundbk6g5mx3m3z4bc2gea,2571370,2571654,PASS,pass,pass,pass,pass,pass,pass,pass,pass,pass,pass,pass,pass,pass,pass,pass,pass,pass,pass,n/a,pass
rondonia,jrc_gfc2020.forest_2020,primary,0,boolean_eudr_forest_2020,0,2024-04-25T00:00:00Z,model_output,cwm25ck4dlyajei2iorkapnhhcexeaek3qlzuofk3a7x5vuyptia,2571371,2571654,PASS,pass,pass,pass,pass,pass,pass,pass,pass,pass,pass,pass,pass,pass,pass,pass,pass,pass,pass,n/a,n/a
rondonia,jrc_tmf.deforestation_year,primary,0,year_of_deforestation,55,2025-06-01T00:00:00Z,model_output,wtkxxg4mj6klzslwu3pfztlftrqlah3ucoqmk6fta7cusuibpyia,2571365,2571654,PASS,pass,pass,pass,pass,pass,pass,pass,pass,pass,pass,pass,pass,pass,pass,pass,pass,pass,pass,n/a,n/a
rondonia,esa_cci_biomass.agb_t_per_ha_2022,primary,0.0,t_per_ha,52,2025-03-01T00:00:00Z,model_output,qqxveujtvdn2vlzexof3fpoytj72qsrs2wcfbrya4k5c2ic3h3gq,2571374,2571654,PASS,pass,pass,pass,pass,pass,pass,pass,pass,pass,pass,pass,pass,pass,pass,pass,pass,pass,pass,n/a,n/a
rondonia,hansen.loss_year,primary,0,year_of_loss,55,2025-04-01T00:00:00Z,model_output,g57fp5emeksub56o62y62t6ddi3dot6e5t2nsriinwiw3bvcovqq,2571368,2571654,PASS,pass,pass,pass,pass,pass,pass,pass,pass,pass,pass,pass,pass,pass,pass,pass,pass,pass,pass,n/a,n/a
rondonia,hansen.tree_cover_2000,primary,0,percent_canopy_cover,55,2025-04-01T00:00:00Z,model_output,fhgfswe5ibx7joxh74nr4sjv3idly5kkwqasxjuwg7iz5kpvnxkq,2571369,2571654,PASS,pass,pass,pass,pass,pass,pass,pass,pass,pass,pass,pass,pass,pass,pass,pass,pass,pass,pass,n/a,n/a
rondonia,indices.ndvi,primary,0.38109161793372326,,20724,2026-09-28T14:28:01.024000Z,deterministic_index,tehjd22y7d6ax6nsun2krfqbygemhavryuataharoeh2igv7f4yq,2571372,2571654,PASS,pass,pass,pass,pass,pass,pass,pass,pass,pass,pass,pass,pass,pass,pass,pass,pass,pass,pass,n/a,pass
rondonia,jrc_gfc2020.forest_2020,primary,0,boolean_eudr_forest_2020,0,2024-04-25T00:00:00Z,model_output,xw4gag4lvaxonznk2f6kvuh2i7kefotqbixcyn2ahi64xtnk5j3q,2571371,2571654,PASS,pass,pass,pass,pass,pass,pass,pass,pass,pass,pass,pass,pass,pass,pass,pass,pass,pass,pass,n/a,n/a
rondonia,jrc_tmf.deforestation_year,primary,0,year_of_deforestation,55,2025-06-01T00:00:00Z,model_output,klw63cqmmg5r3mh6qqzvc7a2jihkfbupsjq456ttuh3yauzg5o5q,2571366,2571654,PASS,pass,pass,pass,pass,pass,pass,pass,pass,pass,pass,pass,pass,pass,pass,pass,pass,pass,pass,n/a,n/a
rondonia,esa_cci_biomass.agb_t_per_ha_2022,primary,0.0,t_per_ha,52,2025-03-01T00:00:00Z,model_output,2ju52fbwwdxom5qu3r266xtb5lukrg4hoeekj4fwo2qsbnaqhtkq,2571376,2571654,PASS,pass,pass,pass,pass,pass,pass,pass,pass,pass,pass,pass,pass,pass,pass,pass,pass,pass,pass,n/a,n/a
rondonia,hansen.loss_year,primary,0,year_of_loss,55,2025-04-01T00:00:00Z,model_output,kj7d2ffto2up6iiqfad7hjefspa4hn6bk2cgggxwvdiy4rbwo2sq,2571375,2571654,PASS,pass,pass,pass,pass,pass,pass,pass,pass,pass,pass,pass,pass,pass,pass,pass,pass,pass,pass,n/a,n/a
rondonia,hansen.tree_cover_2000,primary,0,percent_canopy_cover,55,2025-04-01T00:00:00Z,model_output,lvg2xsowrgxqv2psx6nr3tlewaywmb36q5lby5orqmseaiww77ja,2571376,2571654,PASS,pass,pass,pass,pass,pass,pass,pass,pass,pass,pass,pass,pass,pass,pass,pass,pass,pass,pass,n/a,n/a
rondonia,indices.ndvi,primary,0.3256904637832204,,20724,2026-09-28T14:28:01.024000Z,deterministic_index,mua7hyhwrwcxuddau33s2rv4apdy6p3562dgogoso47w3okhi6ra,2571379,2571654,PASS,pass,pass,pass,pass,pass,pass,pass,pass,pass,pass,pass,pass,pass,pass,pass,pass,pass,pass,n/a,pass
rondonia,jrc_gfc2020.forest_2020,primary,0,boolean_eudr_forest_2020,0,2024-04-25T00:00:00Z,model_output,3yuils223uoz6lokkifoouxqiyfdczblzyb6luvejhkt5k3ajxmq,2571376,2571654,PASS,pass,pass,pass,pass,pass,pass,pass,pass,pass,pass,pass,pass,pass,pass,pass,pass,pass,pass,n/a,n/a
rondonia,jrc_tmf.deforestation_year,primary,0,year_of_deforestation,55,2025-06-01T00:00:00Z,model_output,72f3rasu6yp4iaxhkpr5wub5dsqrzsoznd6nmsjqezjlvjdxbslq,2571376,2571654,PASS,pass,pass,pass,pass,pass,pass,pass,pass,pass,pass,pass,pass,pass,pass,pass,pass,pass,pass,n/a,n/a
rondonia,esa_cci_biomass.agb_t_per_ha_2022,primary,0.0,t_per_ha,52,2025-03-01T00:00:00Z,model_output,vowq7bk5fhv6hjkv54dni6eamqqwppzxfwbzsxvroxikyw26t45q,2571378,2571654,PASS,pass,pass,pass,pass,pass,pass,pass,pass,pass,pass,pass,pass,pass,pass,pass,pass,pass,pass,n/a,n/a
rondonia,hansen.loss_year,primary,0,year_of_loss,55,2025-04-01T00:00:00Z,model_output,yn46244b7adpkebrdm4qokkbflrdca4hkrw2f7z5t7vtdkqspnlq,2571379,2571654,PASS,pass,pass,pass,pass,pass,pass,pass,pass,pass,pass,pass,pass,pass,pass,pass,pass,pass,pass,n/a,n/a
rondonia,hansen.tree_cover_2000,primary,0,percent_canopy_cover,55,2025-04-01T00:00:00Z,model_output,hywigl24uwrestkraccpyoj5qor52e2da5wmz35sltkvectt6bgq,2571378,2571654,PASS,pass,pass,pass,pass,pass,pass,pass,pass,pass,pass,pass,pass,pass,pass,pass,pass,pass,pass,n/a,n/a
rondonia,indices.ndvi,primary,0.2615309126594701,,20724,2026-09-28T14:28:01.024000Z,deterministic_index,bdmwfvhi65b4j7mg66moichpvnj2mugqh446edlqnhl2fzdwkbsa,2571380,2571654,PASS,pass,pass,pass,pass,pass,pass,pass,pass,pass,pass,pass,pass,pass,pass,pass,pass,pass,pass,n/a,pass
rondonia,jrc_gfc2020.forest_2020,primary,0,boolean_eudr_forest_2020,0,2024-04-25T00:00:00Z,model_output,7vgimzgyprjhczu2qadxj5z3ljx6ohiif7s7jcknpmce5besoxga,2571379,2571654,PASS,pass,pass,pass,pass,pass,pass,pass,pass,pass,pass,pass,pass,pass,pass,pass,pass,pass,pass,n/a,n/a
rondonia,jrc_tmf.deforestation_year,primary,0,year_of_deforestation,55,2025-06-01T00:00:00Z,model_output,f26xis7o34hnhqrtyttrpejvq7gvvswr3juwjy3alofz4ynic6oa,2571379,2571654,PASS,pass,pass,pass,pass,pass,pass,pass,pass,pass,pass,pass,pass,pass,pass,pass,pass,pass,pass,n/a,n/a
rondonia,esa_cci_biomass.agb_t_per_ha_2022,primary,0.0,t_per_ha,52,2025-03-01T00:00:00Z,model_output,foemgasxknlivtn664cw4j5xwjf5h2ffvhrsuzcym3yfvmrwemba,2571382,2571654,PASS,pass,pass,pass,pass,pass,pass,pass,pass,pass,pass,pass,pass,pass,pass,pass,pass,pass,pass,n/a,n/a
rondonia,hansen.loss_year,primary,0,year_of_loss,55,2025-04-01T00:00:00Z,model_output,uoggbvknpu25gwm2ickpcivmzh77f64hzqwqyy46vtnqpedr4zda,2571381,2571654,PASS,pass,pass,pass,pass,pass,pass,pass,pass,pass,pass,pass,pass,pass,pass,pass,pass,pass,pass,n/a,n/a
rondonia,hansen.tree_cover_2000,primary,0,percent_canopy_cover,55,2025-04-01T00:00:00Z,model_output,fl627tdmlvqjktqiz5ifjnhmm57qupba6dt2nyjelrtpo7smjf2a,2571382,2571654,PASS,pass,pass,pass,pass,pass,pass,pass,pass,pass,pass,pass,pass,pass,pass,pass,pass,pass,pass,n/a,n/a
rondonia,indices.ndvi,primary,0.2704022320390606,,20724,2026-09-28T14:28:01.024000Z,deterministic_index,lojedzos7zqqz3oresfxru6rcco2k4henh5jzu2bzi6mckkx2ewq,2571387,2571654,PASS,pass,pass,pass,pass,pass,pass,pass,pass,pass,pass,pass,pass,pass,pass,pass,pass,pass,pass,n/a,pass
rondonia,jrc_gfc2020.forest_2020,primary,0,boolean_eudr_forest_2020,0,2024-04-25T00:00:00Z,model_output,bhytijzemi255mpzdnaquqfxya7si2gwd4s2u4pg3ow5lca2rlba,2571382,2571654,PASS,pass,pass,pass,pass,pass,pass,pass,pass,pass,pass,pass,pass,pass,pass,pass,pass,pass,pass,n/a,n/a
rondonia,jrc_tmf.deforestation_year,primary,0,year_of_deforestation,55,2025-06-01T00:00:00Z,model_output,jfa4brcf732suuzgrh54bs7chdracc4kvvwxutv6hnebpeugp77q,2571382,2571654,PASS,pass,pass,pass,pass,pass,pass,pass,pass,pass,pass,pass,pass,pass,pass,pass,pass,pass,pass,n/a,n/a
rondonia,esa_cci_biomass.agb_t_per_ha_2022,primary,0.0,t_per_ha,52,2025-03-01T00:00:00Z,model_output,htyvbeqol3bfyxudkacrwskg54sp5yrkagoiw5ong2w7yaxilxyq,2571384,2571654,PASS,pass,pass,pass,pass,pass,pass,pass,pass,pass,pass,pass,pass,pass,pass,pass,pass,pass,pass,n/a,n/a
rondonia,hansen.loss_year,primary,0,year_of_loss,55,2025-04-01T00:00:00Z,model_output,ghb6xtq66ntrfaq42eiwpu7l37mjqxnqjef5wjzg477p53tsjmzq,2571383,2571654,PASS,pass,pass,pass,pass,pass,pass,pass,pass,pass,pass,pass,pass,pass,pass,pass,pass,pass,pass,n/a,n/a
rondonia,hansen.tree_cover_2000,primary,0,percent_canopy_cover,55,2025-04-01T00:00:00Z,model_output,xbtgeqakaszsokcm6e2ym5rpcru7uufihzouv6y76yjayrub3m2a,2571384,2571654,PASS,pass,pass,pass,pass,pass,pass,pass,pass,pass,pass,pass,pass,pass,pass,pass,pass,pass,pass,n/a,n/a
rondonia,indices.ndvi,primary,0.3664383561643835,,20724,2026-09-28T14:28:01.024000Z,deterministic_index,opapqxbwgsnv5i346nhjcfpv3ikhda6tc66czjnkjsea4b4i3qwq,2571388,2571654,PASS,pass,pass,pass,pass,pass,pass,pass,pass,pass,pass,pass,pass,pass,pass,pass,pass,pass,pass,n/a,pass
rondonia,jrc_gfc2020.forest_2020,primary,0,boolean_eudr_forest_2020,0,2024-04-25T00:00:00Z,model_output,2nuowz3zr6jpeofcksskkxm3lzoygshjh5xeuo3i4fvur6e5kfqq,2571384,2571654,PASS,pass,pass,pass,pass,pass,pass,pass,pass,pass,pass,pass,pass,pass,pass,pass,pass,pass,pass,n/a,n/a
rondonia,jrc_tmf.deforestation_year,primary,0,year_of_deforestation,55,2025-06-01T00:00:00Z,model_output,yd74gibypdlofjdqwnbsjki5e7wxamlemobhjop6it57qquazlrq,2571384,2571654,PASS,pass,pass,pass,pass,pass,pass,pass,pass,pass,pass,pass,pass,pass,pass,pass,pass,pass,pass,n/a,n/a
rondonia,esa_cci_biomass.agb_t_per_ha_2022,primary,0.0,t_per_ha,52,2025-03-01T00:00:00Z,model_output,lwktsfk4dxpgfkysxaqjlrfjfif4v4qf3jjcjztkqwzunqneg6qa,2571386,2571654,PASS,pass,pass,pass,pass,pass,pass,pass,pass,pass,pass,pass,pass,pass,pass,pass,pass,pass,pass,n/a,n/a
rondonia,hansen.loss_year,primary,0,year_of_loss,55,2025-04-01T00:00:00Z,model_output,xepxmtspmehedqn3qimjxruxzutsumxi2yksmpev6tuga2k4iykq,2571385,2571654,PASS,pass,pass,pass,pass,pass,pass,pass,pass,pass,pass,pass,pass,pass,pass,pass,pass,pass,pass,n/a,n/a
rondonia,hansen.tree_cover_2000,primary,0,percent_canopy_cover,55,2025-04-01T00:00:00Z,model_output,vt6no3mj2vzdzzh54oqb5blop5wg3zpwalxgp6fbjqduak3qtqma,2571386,2571654,PASS,pass,pass,pass,pass,pass,pass,pass,pass,pass,pass,pass,pass,pass,pass,pass,pass,pass,pass,n/a,n/a
rondonia,indices.ndvi,primary,0.23755263809759722,,20724,2026-09-28T14:28:01.024000Z,deterministic_index,44xu4luoqjcj3hob5utsssyl24pmsclw63ll2ywu4ljwtwpescca,2571389,2571654,PASS,pass,pass,pass,pass,pass,pass,pass,pass,pass,pass,pass,pass,pass,pass,pass,pass,pass,pass,n/a,pass
rondonia,jrc_gfc2020.forest_2020,primary,0,boolean_eudr_forest_2020,0,2024-04-25T00:00:00Z,model_output,gkzjslfwene26cojjielh3hfn33qa3mcmnufqpe7wlwoy27gfycq,2571386,2571654,PASS,pass,pass,pass,pass,pass,pass,pass,pass,pass,pass,pass,pass,pass,pass,pass,pass,pass,pass,n/a,n/a
rondonia,jrc_tmf.deforestation_year,primary,0,year_of_deforestation,55,2025-06-01T00:00:00Z,model_output,qn7is6s4zs2g744cod2oh3nz5sjgjsto3qe5l35koq7ujefcjvcq,2571386,2571654,PASS,pass,pass,pass,pass,pass,pass,pass,pass,pass,pass,pass,pass,pass,pass,pass,pass,pass,pass,n/a,n/a
rondonia,esa_cci_biomass.agb_t_per_ha_2022,primary,0.0,t_per_ha,52,2025-03-01T00:00:00Z,model_output,rigis3s2rwvizndyvvcj2azhtrq5q4sk3w5jxeufy3ljk3tobpaa,2571391,2571654,PASS,pass,pass,pass,pass,pass,pass,pass,pass,pass,pass,pass,pass,pass,pass,pass,pass,pass,pass,n/a,n/a
rondonia,hansen.loss_year,primary,0,year_of_loss,55,2025-04-01T00:00:00Z,model_output,qrhwll47aqobrptjyiv4ppzcunpcfts7yvktpmmlmphqupln6oqa,2571390,2571654,PASS,pass,pass,pass,pass,pass,pass,pass,pass,pass,pass,pass,pass,pass,pass,pass,pass,pass,pass,n/a,n/a
rondonia,hansen.tree_cover_2000,primary,0,percent_canopy_cover,55,2025-04-01T00:00:00Z,model_output,bzedp34rpjdrijizqkyytgcpzlkyl2qkbydyn567yf55lbq36uoq,2571391,2571654,PASS,pass,pass,pass,pass,pass,pass,pass,pass,pass,pass,pass,pass,pass,pass,pass,pass,pass,pass,n/a,n/a
rondonia,indices.ndvi,primary,0.15664368908961257,,20724,2026-09-28T14:28:01.024000Z,deterministic_index,fqgfr6idhvutdhavmcf5x77ukxobqslubm4hcm4rh2etriipj3dq,2571392,2571654,PASS,pass,pass,pass,pass,pass,pass,pass,pass,pass,pass,pass,pass,pass,pass,pass,pass,pass,pass,n/a,pass
rondonia,jrc_gfc2020.forest_2020,primary,0,boolean_eudr_forest_2020,0,2024-04-25T00:00:00Z,model_output,sehi3gwpgjvomphwwzc45iyreeacdunwuzpkgmprsywuyripgubq,2571391,2571654,PASS,pass,pass,pass,pass,pass,pass,pass,pass,pass,pass,pass,pass,pass,pass,pass,pass,pass,pass,n/a,n/a
rondonia,jrc_tmf.deforestation_year,primary,0,year_of_deforestation,55,2025-06-01T00:00:00Z,model_output,gcq3pvo4vsbl2m46mcjjeqfhumykylgn44r4njbliyvt2mztyd5q,2571391,2571654,PASS,pass,pass,pass,pass,pass,pass,pass,pass,pass,pass,pass,pass,pass,pass,pass,pass,pass,pass,n/a,n/a
rondonia,esa_cci_biomass.agb_t_per_ha_2022,primary,0.0,t_per_ha,52,2025-03-01T00:00:00Z,model_output,umxkh7zxh7hjkpxtu4ootagm4j2zm3lxcv3jnemto46ziovssyca,2571394,2571654,PASS,pass,pass,pass,pass,pass,pass,pass,pass,pass,pass,pass,pass,pass,pass,pass,pass,pass,pass,n/a,n/a
rondonia,hansen.loss_year,primary,0,year_of_loss,55,2025-04-01T00:00:00Z,model_output,uaz322iflxvcgtoq7lnbu4uijltyqnrinthmguuth4cjm56kzvxa,2571393,2571654,PASS,pass,pass,pass,pass,pass,pass,pass,pass,pass,pass,pass,pass,pass,pass,pass,pass,pass,pass,n/a,n/a
rondonia,hansen.tree_cover_2000,primary,0,percent_canopy_cover,55,2025-04-01T00:00:00Z,model_output,suvqrv32ff5xlforyyuagnnb6jifnhhv2tvmty6uvmixbh35tc2q,2571393,2571654,PASS,pass,pass,pass,pass,pass,pass,pass,pass,pass,pass,pass,pass,pass,pass,pass,pass,pass,pass,n/a,n/a
rondonia,indices.ndvi,primary,0.17450526856849136,,20724,2026-09-28T14:28:01.024000Z,deterministic_index,jwn6q25jkdijkaie6sbivzd6yalmc4hvsvzhgozxcmshsw3tgqha,2571395,2571654,PASS,pass,pass,pass,pass,pass,pass,pass,pass,pass,pass,pass,pass,pass,pass,pass,pass,pass,pass,n/a,pass
rondonia,jrc_gfc2020.forest_2020,primary,0,boolean_eudr_forest_2020,0,2024-04-25T00:00:00Z,model_output,b2ojqgzpdsh7rfkkpmky5dezddfahv4blgmzgufii367gqzsyc2q,2571394,2571654,PASS,pass,pass,pass,pass,pass,pass,pass,pass,pass,pass,pass,pass,pass,pass,pass,pass,pass,pass,n/a,n/a
rondonia,jrc_tmf.deforestation_year,primary,0,year_of_deforestation,55,2025-06-01T00:00:00Z,model_output,3gplafjocsj2vwvsf4ttui4mrhahwvnoa36vmt33pc7bmnekgqsq,2571394,2571654,PASS,pass,pass,pass,pass,pass,pass,pass,pass,pass,pass,pass,pass,pass,pass,pass,pass,pass,pass,n/a,n/a
rondonia,esa_cci_biomass.agb_t_per_ha_2022,primary,0.0,t_per_ha,52,2025-03-01T00:00:00Z,model_output,7pyuxm3zx7ayhzq4vmbvvalxz32d25kwljz7n64ukhyinph3ie5q,2571397,2571654,PASS,pass,pass,pass,pass,pass,pass,pass,pass,pass,pass,pass,pass,pass,pass,pass,pass,pass,pass,n/a,n/a
rondonia,hansen.loss_year,primary,0,year_of_loss,55,2025-04-01T00:00:00Z,model_output,ae2qyvigyco2smc7nhum274c3kw7mvx57blwrx2hyfrqbkmgf3vq,2571396,2571654,PASS,pass,pass,pass,pass,pass,pass,pass,pass,pass,pass,pass,pass,pass,pass,pass,pass,pass,pass,n/a,n/a
rondonia,hansen.tree_cover_2000,primary,0,percent_canopy_cover,55,2025-04-01T00:00:00Z,model_output,nohcg6tyghh32cjolsa22upfnpj2hsbaeyonuud4j67hzilhkuhq,2571397,2571654,PASS,pass,pass,pass,pass,pass,pass,pass,pass,pass,pass,pass,pass,pass,pass,pass,pass,pass,pass,n/a,n/a
rondonia,indices.ndvi,primary,0.22195474241694751,,20717,2026-09-21T14:27:09.024000Z,deterministic_index,poxix62jznwpkw36xns7c3qdqhiw26bh44zpkhnicpoj6mxx2nwq,2571400,2571654,PASS,pass,pass,pass,pass,pass,pass,pass,pass,pass,pass,pass,pass,pass,pass,pass,pass,pass,pass,n/a,pass
rondonia,jrc_gfc2020.forest_2020,primary,0,boolean_eudr_forest_2020,0,2024-04-25T00:00:00Z,model_output,sqcv6xujofsteecqfb34blgtpgcbhzbw5mb4lfx5sxgkktsayk3a,2571397,2571654,PASS,pass,pass,pass,pass,pass,pass,pass,pass,pass,pass,pass,pass,pass,pass,pass,pass,pass,pass,n/a,n/a
rondonia,jrc_tmf.deforestation_year,primary,0,year_of_deforestation,55,2025-06-01T00:00:00Z,model_output,cj3hksmvqhfw2jfulfuleeit5m7n5gxqgqww42ffr52bfv7mwpba,2571397,2571654,PASS,pass,pass,pass,pass,pass,pass,pass,pass,pass,pass,pass,pass,pass,pass,pass,pass,pass,pass,n/a,n/a
rondonia,esa_cci_biomass.agb_t_per_ha_2022,primary,0.0,t_per_ha,52,2025-03-01T00:00:00Z,model_output,7aw6qddnfry77bpifo57st5of2dkuu6snocif3sozarxvwimcz6q,2571409,2571654,PASS,pass,pass,pass,pass,pass,pass,pass,pass,pass,pass,pass,pass,pass,pass,pass,pass,pass,pass,n/a,n/a
rondonia,hansen.loss_year,primary,0,year_of_loss,55,2025-04-01T00:00:00Z,model_output,ep6quxxm4iwwk2rxz57visqehj2qlb4ckj2q23d6cfy5wcgs5lfq,2571399,2571654,PASS,pass,pass,pass,pass,pass,pass,pass,pass,pass,pass,pass,pass,pass,pass,pass,pass,pass,pass,n/a,n/a
rondonia,hansen.tree_cover_2000,primary,0,percent_canopy_cover,55,2025-04-01T00:00:00Z,model_output,lwxjm6wdhuurduh2jtfvzr34bzi5kpmbfcyj23loge6yqopxgi6a,2571404,2571654,PASS,pass,pass,pass,pass,pass,pass,pass,pass,pass,pass,pass,pass,pass,pass,pass,pass,pass,pass,n/a,n/a
rondonia,indices.ndvi,primary,0.425935162094763,,20724,2026-09-28T14:28:01.024000Z,deterministic_index,hgwee4o5myleawbqdjq5cf5sxnnq3fhyilea4a2pzvlodcr5ne6a,2571406,2571654,PASS,pass,pass,pass,pass,pass,pass,pass,pass,pass,pass,pass,pass,pass,pass,pass,pass,pass,pass,n/a,pass
rondonia,jrc_gfc2020.forest_2020,primary,0,boolean_eudr_forest_2020,0,2024-04-25T00:00:00Z,model_output,vxxxclbhpomx6srdew4elww22apis3cjncuutxxwamhuk3u2ldaa,2571401,2571654,PASS,pass,pass,pass,pass,pass,pass,pass,pass,pass,pass,pass,pass,pass,pass,pass,pass,pass,pass,n/a,n/a
rondonia,jrc_tmf.deforestation_year,primary,0,year_of_deforestation,55,2025-06-01T00:00:00Z,model_output,yjkg64db3kobczf2uvxyilr4jiiydx4mcbkikuaojbswyordorxq,2571398,2571654,PASS,pass,pass,pass,pass,pass,pass,pass,pass,pass,pass,pass,pass,pass,pass,pass,pass,pass,pass,n/a,n/a
rondonia,esa_cci_biomass.agb_t_per_ha_2022,primary,28.0,t_per_ha,52,2025-03-01T00:00:00Z,model_output,yafir5azleoxjvt4ks4fj4q2knnk4pziiw4fkuzozb4hx7xjtf3q,2571410,2571654,PASS,pass,pass,pass,pass,pass,pass,pass,pass,pass,pass,pass,pass,pass,pass,pass,pass,pass,pass,n/a,n/a
rondonia,hansen.loss_year,primary,2018,year_of_loss,55,2025-04-01T00:00:00Z,model_output,wtcjeshg2dosypzdf6flgax5qntbvt3bdfiaoib2f6vyfkn452iq,2571402,2571654,PASS,pass,pass,pass,pass,pass,pass,pass,pass,pass,pass,pass,pass,pass,pass,pass,pass,pass,pass,n/a,n/a
rondonia,hansen.tree_cover_2000,primary,91,percent_canopy_cover,55,2025-04-01T00:00:00Z,model_output,plsov5butqmp32kjwxaglwamgctn3oc6qkep7he5fhfd3e5kehhq,2571405,2571654,PASS,pass,pass,pass,pass,pass,pass,pass,pass,pass,pass,pass,pass,pass,pass,pass,pass,pass,pass,n/a,n/a
rondonia,indices.ndvi,primary,0.5894848645778014,,20724,2026-09-28T14:28:01.024000Z,deterministic_index,4me6jux5hpl4bbsceian2462jlosdsscvcfrhj3dtz7irrgmqb2q,2571408,2571654,PASS,pass,pass,pass,pass,pass,pass,pass,pass,pass,pass,pass,pass,pass,pass,pass,pass,pass,pass,n/a,pass
rondonia,jrc_gfc2020.forest_2020,primary,0,boolean_eudr_forest_2020,0,2024-04-25T00:00:00Z,model_output,g4t5z7c3b7n4r35vuteyw77srujg2gfmpuiqhinme23mei2yxviq,2571403,2571654,PASS,pass,pass,pass,pass,pass,pass,pass,pass,pass,pass,pass,pass,pass,pass,pass,pass,pass,pass,n/a,n/a
rondonia,jrc_tmf.deforestation_year,primary,0,year_of_deforestation,55,2025-06-01T00:00:00Z,model_output,fhwj5hfjckkmwhbhhkfptbdp6ozwn4xmntknwooxikvstnfbutfq,2571403,2571654,PASS,pass,pass,pass,pass,pass,pass,pass,pass,pass,pass,pass,pass,pass,pass,pass,pass,pass,pass,n/a,n/a
rondonia,esa_cci_biomass.agb_t_per_ha_2022,primary,57.0,t_per_ha,52,2025-03-01T00:00:00Z,model_output,rdy7cqrbbcelyr5kyfbcfmpfi3coe5nazlxknow6bccztrktzyva,2571410,2571654,PASS,pass,pass,pass,pass,pass,pass,pass,pass,pass,pass,pass,pass,pass,pass,pass,pass,pass,pass,n/a,n/a
rondonia,hansen.loss_year,primary,0,year_of_loss,55,2025-04-01T00:00:00Z,model_output,kheenmazdn7viswiupgv4g5z3idtyptkb3chqdcreqnw7hkj4rkq,2571407,2571654,PASS,pass,pass,pass,pass,pass,pass,pass,pass,pass,pass,pass,pass,pass,pass,pass,pass,pass,pass,n/a,n/a
rondonia,hansen.tree_cover_2000,primary,0,percent_canopy_cover,55,2025-04-01T00:00:00Z,model_output,57p6soerqwcmfl5o776ajo6pcdngwl4i7wuvugklybxmxlrbigsq,2571408,2571654,PASS,pass,pass,pass,pass,pass,pass,pass,pass,pass,pass,pass,pass,pass,pass,pass,pass,pass,pass,n/a,n/a
rondonia,indices.ndvi,primary,0.4303135888501742,,20724,2026-09-28T14:28:01.024000Z,deterministic_index,jsmmxrkmulfr4z75ombutfe4zhzye5cweo2bbrnx7wrgntilzk6a,2571411,2571654,PASS,pass,pass,pass,pass,pass,pass,pass,pass,pass,pass,pass,pass,pass,pass,pass,pass,pass,pass,n/a,pass
rondonia,jrc_gfc2020.forest_2020,primary,0,boolean_eudr_forest_2020,0,2024-04-25T00:00:00Z,model_output,ejqpmnk6klihnob2yucyq7qtdvilujcpaej33bhqregsetrubvta,2571408,2571654,PASS,pass,pass,pass,pass,pass,pass,pass,pass,pass,pass,pass,pass,pass,pass,pass,pass,pass,pass,n/a,n/a
rondonia,jrc_tmf.deforestation_year,primary,0,year_of_deforestation,55,2025-06-01T00:00:00Z,model_output,4462asx6kskngn355uarw6akv7fbx3kafn4qkvghlliz54uyezqq,2571408,2571654,PASS,pass,pass,pass,pass,pass,pass,pass,pass,pass,pass,pass,pass,pass,pass,pass,pass,pass,pass,n/a,n/a
rondonia,esa_cci_biomass.agb_t_per_ha_2022,primary,114.0,t_per_ha,52,2025-03-01T00:00:00Z,model_output,ersfaqtm6mb3omgrmq2adefbbso2havj64dldrhdun3oc4tl4poa,2571413,2571654,PASS,pass,pass,pass,pass,pass,pass,pass,pass,pass,pass,pass,pass,pass,pass,pass,pass,pass,pass,n/a,n/a
rondonia,hansen.loss_year,primary,0,year_of_loss,55,2025-04-01T00:00:00Z,model_output,6p4jipy7sql3b7bjoi3wlhfcq2sxmvh5mxtivft5oxiqv735rj4a,2571412,2571654,PASS,pass,pass,pass,pass,pass,pass,pass,pass,pass,pass,pass,pass,pass,pass,pass,pass,pass,pass,n/a,n/a
rondonia,hansen.tree_cover_2000,primary,14,percent_canopy_cover,55,2025-04-01T00:00:00Z,model_output,ww4sz6ism7cdzfoa4u5kxlevexpv7gcl3nad7ak6ojbvhvusxxhq,2571413,2571654,PASS,pass,pass,pass,pass,pass,pass,pass,pass,pass,pass,pass,pass,pass,pass,pass,pass,pass,pass,n/a,n/a
rondonia,indices.ndvi,primary,0.2794983849515485,,20724,2026-09-28T14:28:01.024000Z,deterministic_index,rmsf66ivkf5ejilfudc35ybhtfjzdvjevaycie72vnhtrdmtoh2a,2571416,2571654,PASS,pass,pass,pass,pass,pass,pass,pass,pass,pass,pass,pass,pass,pass,pass,pass,pass,pass,pass,n/a,pass
rondonia,jrc_gfc2020.forest_2020,primary,1,boolean_eudr_forest_2020,0,2024-04-25T00:00:00Z,model_output,nuxjxmffnf33nsjhk2ngfzu2spyt2j2faje5i36apthzyenxleua,2571413,2571654,PASS,pass,pass,pass,pass,pass,pass,pass,pass,pass,pass,pass,pass,pass,pass,pass,pass,pass,pass,n/a,n/a
rondonia,jrc_tmf.deforestation_year,primary,0,year_of_deforestation,55,2025-06-01T00:00:00Z,model_output,xxijsbaszz74zta2lxsupdayfkf5yv2sw5rnmomaxj74u2x4zjza,2571413,2571654,PASS,pass,pass,pass,pass,pass,pass,pass,pass,pass,pass,pass,pass,pass,pass,pass,pass,pass,pass,n/a,n/a
rondonia,esa_cci_biomass.agb_t_per_ha_2022,primary,12.0,t_per_ha,52,2025-03-01T00:00:00Z,model_output,qhaafhao25oynntwrx6was7i5z6njqpwh2hfq2s2gws5xvmxy6za,2571415,2571654,PASS,pass,pass,pass,pass,pass,pass,pass,pass,pass,pass,pass,pass,pass,pass,pass,pass,pass,pass,n/a,n/a
rondonia,hansen.loss_year,primary,0,year_of_loss,55,2025-04-01T00:00:00Z,model_output,m4so2tac6vpxx3qayjja7dqcych4fjzkisu2zdw2wxvqebxzl52a,2571414,2571654,PASS,pass,pass,pass,pass,pass,pass,pass,pass,pass,pass,pass,pass,pass,pass,pass,pass,pass,pass,n/a,n/a
rondonia,hansen.tree_cover_2000,primary,0,percent_canopy_cover,55,2025-04-01T00:00:00Z,model_output,3ugrpcvh5hmp45w4cpmtn6dhxyag3gabngihxy46warvett322lq,2571415,2571654,PASS,pass,pass,pass,pass,pass,pass,pass,pass,pass,pass,pass,pass,pass,pass,pass,pass,pass,pass,n/a,n/a
rondonia,indices.ndvi,primary,0.431638418079096,,20724,2026-09-28T14:28:01.024000Z,deterministic_index,nhzkjrtv2hzvpjrk3aicpvw24clk7vwvumea7hv5kc3qykbcv43q,2571417,2571654,PASS,pass,pass,pass,pass,pass,pass,pass,pass,pass,pass,pass,pass,pass,pass,pass,pass,pass,pass,n/a,pass
rondonia,jrc_gfc2020.forest_2020,primary,0,boolean_eudr_forest_2020,0,2024-04-25T00:00:00Z,model_output,76yjntkwdnvg756w343e5dro7u3gozsjpf5d3vcp4q6ubkokgnaa,2571415,2571654,PASS,pass,pass,pass,pass,pass,pass,pass,pass,pass,pass,pass,pass,pass,pass,pass,pass,pass,pass,n/a,n/a
rondonia,jrc_tmf.deforestation_year,primary,1998,year_of_deforestation,55,2025-06-01T00:00:00Z,model_output,u6ocg3hlnblzy3fqrjj2ncffuszlctj7eo4mocgkfrjqxemejkqa,2571415,2571654,PASS,pass,pass,pass,pass,pass,pass,pass,pass,pass,pass,pass,pass,pass,pass,pass,pass,pass,pass,n/a,n/a
rondonia,esa_cci_biomass.agb_t_per_ha_2022,primary,203.0,t_per_ha,52,2025-03-01T00:00:00Z,model_output,eltbsilbly7ipgin5dua3lnax3ahbteqn7f7j2c2tcfuz6wmdx7a,2571418,2571654,PASS,pass,pass,pass,pass,pass,pass,pass,pass,pass,pass,pass,pass,pass,pass,pass,pass,pass,pass,n/a,n/a
rondonia,hansen.loss_year,primary,0,year_of_loss,55,2025-04-01T00:00:00Z,model_output,2jw6atk42msyntevlqofrikl7zyqtgxttqcmv2o5qxwzjupaeexa,2571418,2571654,PASS,pass,pass,pass,pass,pass,pass,pass,pass,pass,pass,pass,pass,pass,pass,pass,pass,pass,pass,n/a,n/a
rondonia,hansen.tree_cover_2000,primary,82,percent_canopy_cover,55,2025-04-01T00:00:00Z,model_output,vcztdomo623mpbrimasiymv2rnsdaa5jfcgzti7cjbxm4k4kwppq,2571418,2571654,PASS,pass,pass,pass,pass,pass,pass,pass,pass,pass,pass,pass,pass,pass,pass,pass,pass,pass,pass,n/a,n/a
rondonia,indices.ndvi,primary,0.8188745603751466,,20724,2026-09-28T14:28:01.024000Z,deterministic_index,grpsrijheocoszblcsvc3alrwbwxp7fryfqjthhm5atnmuo2e3nq,2571419,2571654,PASS,pass,pass,pass,pass,pass,pass,pass,pass,pass,pass,pass,pass,pass,pass,pass,pass,pass,pass,n/a,pass
rondonia,jrc_gfc2020.forest_2020,primary,1,boolean_eudr_forest_2020,0,2024-04-25T00:00:00Z,model_output,dzveu7tbhyi7gagjlchbiqji2wwvociafyip7om2gyjrxunxgdpa,2571418,2571654,PASS,pass,pass,pass,pass,pass,pass,pass,pass,pass,pass,pass,pass,pass,pass,pass,pass,pass,pass,n/a,n/a
rondonia,jrc_tmf.deforestation_year,primary,0,year_of_deforestation,55,2025-06-01T00:00:00Z,model_output,dbwrmg63z4hr673wpcimrspm433q67fzytdptt63st2unzbih52a,2571418,2571654,PASS,pass,pass,pass,pass,pass,pass,pass,pass,pass,pass,pass,pass,pass,pass,pass,pass,pass,pass,n/a,n/a
rondonia,esa_cci_biomass.agb_t_per_ha_2022,primary,0.0,t_per_ha,52,2025-03-01T00:00:00Z,model_output,t67npsucg3ua2ghyoqmlh7ipfgu22aw5uwmtqmoxyz2cnm7oo6iq,2571421,2571654,PASS,pass,pass,pass,pass,pass,pass,pass,pass,pass,pass,pass,pass,pass,pass,pass,pass,pass,pass,n/a,n/a
rondonia,hansen.loss_year,primary,0,year_of_loss,55,2025-04-01T00:00:00Z,model_output,jqkvrvtn5dtic3nq5jxbdd444hx6y3e22vorapts7sehajtvz2aq,2571420,2571654,PASS,pass,pass,pass,pass,pass,pass,pass,pass,pass,pass,pass,pass,pass,pass,pass,pass,pass,pass,n/a,n/a
rondonia,hansen.tree_cover_2000,primary,0,percent_canopy_cover,55,2025-04-01T00:00:00Z,model_output,td52qcpoxz7476haopdfofcpwx2bd2wxd5nuk65dehpw2x6e3s4q,2571421,2571654,PASS,pass,pass,pass,pass,pass,pass,pass,pass,pass,pass,pass,pass,pass,pass,pass,pass,pass,pass,n/a,n/a
rondonia,indices.ndvi,primary,0.3534275806881836,,20724,2026-09-28T14:28:01.024000Z,deterministic_index,ugxbxfcm2tpspnissvf5fuitwgw3gwclicu4wfciqoyezbgh4ikq,2571424,2571654,PASS,pass,pass,pass,pass,pass,pass,pass,pass,pass,pass,pass,pass,pass,pass,pass,pass,pass,pass,n/a,pass
rondonia,jrc_gfc2020.forest_2020,primary,0,boolean_eudr_forest_2020,0,2024-04-25T00:00:00Z,model_output,e3w2r5e7jg6in7ybnkop54xcb5rmu5mxkxy2pfvooneudi42wbpa,2571421,2571654,PASS,pass,pass,pass,pass,pass,pass,pass,pass,pass,pass,pass,pass,pass,pass,pass,pass,pass,pass,n/a,n/a
rondonia,jrc_tmf.deforestation_year,primary,0,year_of_deforestation,55,2025-06-01T00:00:00Z,model_output,s2mirbpz3fvqtynojsdjtmf3erfx7cu7746sdic5kfutkcperxnq,2571421,2571654,PASS,pass,pass,pass,pass,pass,pass,pass,pass,pass,pass,pass,pass,pass,pass,pass,pass,pass,pass,n/a,n/a
rondonia,esa_cci_biomass.agb_t_per_ha_2022,primary,208.0,t_per_ha,52,2025-03-01T00:00:00Z,model_output,yc5qjlghl6mwy5kmqggtma64yro6gfjg4poocqsawqwd24wh5uoq,2571423,2571654,PASS,pass,pass,pass,pass,pass,pass,pass,pass,pass,pass,pass,pass,pass,pass,pass,pass,pass,pass,n/a,n/a
rondonia,hansen.loss_year,primary,2023,year_of_loss,55,2025-04-01T00:00:00Z,model_output,6rtcbfumrzhac2a32vkoixocgtel7ws5bxnra2omnrjv5apyfnea,2571422,2571654,PASS,pass,pass,pass,pass,pass,pass,pass,pass,pass,pass,pass,pass,pass,pass,pass,pass,pass,pass,n/a,n/a
rondonia,hansen.tree_cover_2000,primary,100,percent_canopy_cover,55,2025-04-01T00:00:00Z,model_output,iv6mhn5veoaoglxzs6mda62gjjiiadn2cjibfidkqz565oaipqiq,2571423,2571654,PASS,pass,pass,pass,pass,pass,pass,pass,pass,pass,pass,pass,pass,pass,pass,pass,pass,pass,pass,n/a,n/a
rondonia,indices.ndvi,primary,0.43281250000000004,,20724,2026-09-28T14:28:01.024000Z,deterministic_index,ojbthm4vcir7q5j3t62hcmbdnxffnvejfn5yzqiwsrbunq32dnsq,2571427,2571654,PASS,pass,pass,pass,pass,pass,pass,pass,pass,pass,pass,pass,pass,pass,pass,pass,pass,pass,pass,n/a,pass
rondonia,jrc_gfc2020.forest_2020,primary,1,boolean_eudr_forest_2020,0,2024-04-25T00:00:00Z,model_output,ncupl5ptbfrz5kgis4swtfrvleqwcln4xvbpjxjaul3ocz3hznoq,2571423,2571654,PASS,pass,pass,pass,pass,pass,pass,pass,pass,pass,pass,pass,pass,pass,pass,pass,pass,pass,pass,n/a,n/a
rondonia,jrc_tmf.deforestation_year,primary,2023,year_of_deforestation,55,2025-06-01T00:00:00Z,model_output,sw4zpem3spflpjnxetuxi6b63u62fghu7s6kufnludfzopd5n6sq,2571423,2571654,PASS,pass,pass,pass,pass,pass,pass,pass,pass,pass,pass,pass,pass,pass,pass,pass,pass,pass,pass,n/a,n/a
rondonia,esa_cci_biomass.agb_t_per_ha_2022,primary,111.0,t_per_ha,52,2025-03-01T00:00:00Z,model_output,irvogimaszmdiu4vr47dsfen7xifzcjvdqxwylfhikkpgr3zhfqa,2571426,2571654,PASS,pass,pass,pass,pass,pass,pass,pass,pass,pass,pass,pass,pass,pass,pass,pass,pass,pass,pass,n/a,n/a
rondonia,hansen.loss_year,primary,0,year_of_loss,55,2025-04-01T00:00:00Z,model_output,xpif5ivpa4izsvxwessj6aiowuktfekqitvhm7um2dxdseukjrka,2571425,2571654,PASS,pass,pass,pass,pass,pass,pass,pass,pass,pass,pass,pass,pass,pass,pass,pass,pass,pass,pass,n/a,n/a
rondonia,hansen.tree_cover_2000,primary,41,percent_canopy_cover,55,2025-04-01T00:00:00Z,model_output,4nreu5jsnozgt5n6k6nghjgltjypkdqx2tuqffep4lex5a25jy4q,2571426,2571654,PASS,pass,pass,pass,pass,pass,pass,pass,pass,pass,pass,pass,pass,pass,pass,pass,pass,pass,pass,n/a,n/a
rondonia,indices.ndvi,primary,0.6097404677987824,,20724,2026-09-28T14:28:01.024000Z,deterministic_index,27ekymgqw3svs2wir3v6vuohg7icsoxpdsbqgech2j6avybsr3qa,2571428,2571654,PASS,pass,pass,pass,pass,pass,pass,pass,pass,pass,pass,pass,pass,pass,pass,pass,pass,pass,pass,n/a,pass
rondonia,jrc_gfc2020.forest_2020,primary,1,boolean_eudr_forest_2020,0,2024-04-25T00:00:00Z,model_output,5n32bg35wqx4q6y2f2c2khd5jsle7badtuigbj7zmqnujrgew4xq,2571426,2571654,PASS,pass,pass,pass,pass,pass,pass,pass,pass,pass,pass,pass,pass,pass,pass,pass,pass,pass,pass,n/a,n/a
rondonia,jrc_tmf.deforestation_year,primary,0,year_of_deforestation,55,2025-06-01T00:00:00Z,model_output,hp47zurwkdkbmwlkaoskyebjkiexfdsklaqdoic53ysflzbvgkzq,2571426,2571654,PASS,pass,pass,pass,pass,pass,pass,pass,pass,pass,pass,pass,pass,pass,pass,pass,pass,pass,pass,n/a,n/a
rondonia,esa_cci_biomass.agb_t_per_ha_2022,primary,0.0,t_per_ha,52,2025-03-01T00:00:00Z,model_output,zvgz6ylcpruhg4fpmokbjl7iq2imiold5n4abszekkhfzwg6osja,2571430,2571654,PASS,pass,pass,pass,pass,pass,pass,pass,pass,pass,pass,pass,pass,pass,pass,pass,pass,pass,pass,n/a,n/a
rondonia,hansen.loss_year,primary,0,year_of_loss,55,2025-04-01T00:00:00Z,model_output,qadpelgfynuivp27muu4ufgsdmyfdtyixuhtmjooxlyjlu6yleea,2571429,2571654,PASS,pass,pass,pass,pass,pass,pass,pass,pass,pass,pass,pass,pass,pass,pass,pass,pass,pass,pass,n/a,n/a
rondonia,hansen.tree_cover_2000,primary,0,percent_canopy_cover,55,2025-04-01T00:00:00Z,model_output,o64bic3mlp5uf4s5py6slkqoyzyu5gdzkvqa2tsbxrin7dzmk6za,2571430,2571654,PASS,pass,pass,pass,pass,pass,pass,pass,pass,pass,pass,pass,pass,pass,pass,pass,pass,pass,pass,n/a,n/a
rondonia,indices.ndvi,primary,0.5204129516658845,,20717,2026-09-21T14:27:09.024000Z,deterministic_index,flhphmesq365cefwmcuh645tu4xdemlntwumkxnbnszivcl5ii5a,2571431,2571654,PASS,pass,pass,pass,pass,pass,pass,pass,pass,pass,pass,pass,pass,pass,pass,pass,pass,pass,pass,n/a,pass
rondonia,jrc_gfc2020.forest_2020,primary,0,boolean_eudr_forest_2020,0,2024-04-25T00:00:00Z,model_output,lvyq4i5ix64yfjujmijk3cx5cersimnc27abhhe22bmaz4kldpsq,2571430,2571654,PASS,pass,pass,pass,pass,pass,pass,pass,pass,pass,pass,pass,pass,pass,pass,pass,pass,pass,pass,n/a,n/a
rondonia,jrc_tmf.deforestation_year,primary,0,year_of_deforestation,55,2025-06-01T00:00:00Z,model_output,a6bl7ivaoslkno5qkyxmlapa2rfeavmv3a7ynlvdth2l6oulpkyq,2571430,2571654,PASS,pass,pass,pass,pass,pass,pass,pass,pass,pass,pass,pass,pass,pass,pass,pass,pass,pass,pass,n/a,n/a
rondonia,esa_cci_biomass.agb_t_per_ha_2022,primary,0.0,t_per_ha,52,2025-03-01T00:00:00Z,model_output,bpkgfsezj6gqehe3iscqmqyg7u4avlinosshhiziy26oxmwcucja,2571444,2571654,PASS,pass,pass,pass,pass,pass,pass,pass,pass,pass,pass,pass,pass,pass,pass,pass,pass,pass,pass,n/a,n/a
rondonia,hansen.loss_year,primary,0,year_of_loss,55,2025-04-01T00:00:00Z,model_output,kifwqeisc7d4o2df7nlajbpcxx4ltcmdgvet3w4u5rvbib2ub3na,2571433,2571654,PASS,pass,pass,pass,pass,pass,pass,pass,pass,pass,pass,pass,pass,pass,pass,pass,pass,pass,pass,n/a,n/a
rondonia,hansen.tree_cover_2000,primary,0,percent_canopy_cover,55,2025-04-01T00:00:00Z,model_output,52gkwq5sbazdzlot53jgptvmyliucoum4aptwb4tfomqqbtg7iyq,2571434,2571654,PASS,pass,pass,pass,pass,pass,pass,pass,pass,pass,pass,pass,pass,pass,pass,pass,pass,pass,pass,n/a,n/a
rondonia,indices.ndvi,primary,0.4243277848911652,,20724,2026-09-28T14:28:01.024000Z,deterministic_index,wzy66iajmigtkzzt2ho5uipysxpfkyvf3b6i7jcd6tv4oh7wgpca,2571439,2571654,PASS,pass,pass,pass,pass,pass,pass,pass,pass,pass,pass,pass,pass,pass,pass,pass,pass,pass,pass,n/a,pass
rondonia,jrc_gfc2020.forest_2020,primary,0,boolean_eudr_forest_2020,0,2024-04-25T00:00:00Z,model_output,yoedhv6ql2htjlwndh5trlfgjg5uz7nhb2yhyxw6xskmbib4vy6a,2571437,2571654,PASS,pass,pass,pass,pass,pass,pass,pass,pass,pass,pass,pass,pass,pass,pass,pass,pass,pass,pass,n/a,n/a
rondonia,jrc_tmf.deforestation_year,primary,1992,year_of_deforestation,55,2025-06-01T00:00:00Z,model_output,4all5jfp4tyrlltjhfbbjs64noksn6nzjzxiap6ctlmvtdxdm4xq,2571432,2571654,PASS,pass,pass,pass,pass,pass,pass,pass,pass,pass,pass,pass,pass,pass,pass,pass,pass,pass,pass,n/a,n/a
rondonia,esa_cci_biomass.agb_t_per_ha_2022,primary,0.0,t_per_ha,52,2025-03-01T00:00:00Z,model_output,twvzpycv5e2xmiuzzex74xezr2oovdjy45ildcmo3hmls7m3ch2q,2571445,2571654,PASS,pass,pass,pass,pass,pass,pass,pass,pass,pass,pass,pass,pass,pass,pass,pass,pass,pass,pass,n/a,n/a
rondonia,hansen.loss_year,primary,0,year_of_loss,55,2025-04-01T00:00:00Z,model_output,ehfhvcxj7pq22o4i7vaeixf2acls6y3g455kz5baknicfjtcgo4q,2571435,2571654,PASS,pass,pass,pass,pass,pass,pass,pass,pass,pass,pass,pass,pass,pass,pass,pass,pass,pass,pass,n/a,n/a
rondonia,hansen.tree_cover_2000,primary,80,percent_canopy_cover,55,2025-04-01T00:00:00Z,model_output,k2ofmapef4sd376cg4f4twb6rhxaq4dlb7zjdkvt4u3dgrsh77bq,2571436,2571654,PASS,pass,pass,pass,pass,pass,pass,pass,pass,pass,pass,pass,pass,pass,pass,pass,pass,pass,pass,n/a,n/a
rondonia,indices.ndvi,primary,0.43647234678624813,,20724,2026-09-28T14:28:01.024000Z,deterministic_index,tmcqqgwfcj7czvdq62kcmtxq77pxlgsu7pgxzed3fyqusm2rhzfq,2571440,2571654,PASS,pass,pass,pass,pass,pass,pass,pass,pass,pass,pass,pass,pass,pass,pass,pass,pass,pass,pass,n/a,pass
rondonia,jrc_gfc2020.forest_2020,primary,0,boolean_eudr_forest_2020,0,2024-04-25T00:00:00Z,model_output,tbmo2faxip3ebh2e5v7kenltuovw4psgda3bsvbfbo4cqqp5ub7q,2571438,2571654,PASS,pass,pass,pass,pass,pass,pass,pass,pass,pass,pass,pass,pass,pass,pass,pass,pass,pass,pass,n/a,n/a
rondonia,jrc_tmf.deforestation_year,primary,2002,year_of_deforestation,55,2025-06-01T00:00:00Z,model_output,jfxu2g4zhcclcpyewormwvs4gb3fsucpsq2pj4tlnek64kn3ae5a,2571436,2571654,PASS,pass,pass,pass,pass,pass,pass,pass,pass,pass,pass,pass,pass,pass,pass,pass,pass,pass,pass,n/a,n/a
rondonia,esa_cci_biomass.agb_t_per_ha_2022,primary,0.0,t_per_ha,52,2025-03-01T00:00:00Z,model_output,n3lvuorzhnjlwhdxeeavuva5lgrhjcoy4xce3ju7craut7fmqyma,2571445,2571654,PASS,pass,pass,pass,pass,pass,pass,pass,pass,pass,pass,pass,pass,pass,pass,pass,pass,pass,pass,n/a,n/a
rondonia,hansen.loss_year,primary,2001,year_of_loss,55,2025-04-01T00:00:00Z,model_output,ixiafmsvlbloth5zrwjk6f7yluqpwsu2yj75ocllf3fswhuqxy2q,2571442,2571654,PASS,pass,pass,pass,pass,pass,pass,pass,pass,pass,pass,pass,pass,pass,pass,pass,pass,pass,pass,n/a,n/a
rondonia,hansen.tree_cover_2000,primary,99,percent_canopy_cover,55,2025-04-01T00:00:00Z,model_output,k2gotkfhs2mhqbzvp3m4uq5cwcsakzoj3w3n4vtohyiqlrhimwea,2571441,2571654,PASS,pass,pass,pass,pass,pass,pass,pass,pass,pass,pass,pass,pass,pass,pass,pass,pass,pass,pass,n/a,n/a
rondonia,indices.ndvi,primary,0.3563859453430005,,20724,2026-09-28T14:28:01.024000Z,deterministic_index,5fdrpz4qdlgg6t7x6i5jpapphmeuahxktdksqpqceh4w5dcmyirq,2571443,2571654,PASS,pass,pass,pass,pass,pass,pass,pass,pass,pass,pass,pass,pass,pass,pass,pass,pass,pass,pass,n/a,pass
rondonia,jrc_gfc2020.forest_2020,primary,0,boolean_eudr_forest_2020,0,2024-04-25T00:00:00Z,model_output,krkgh44oqppz63f3ygrurh7fp7pa7y33teyjw45e3xvyrykl2r2a,2571442,2571654,PASS,pass,pass,pass,pass,pass,pass,pass,pass,pass,pass,pass,pass,pass,pass,pass,pass,pass,pass,n/a,n/a
rondonia,jrc_tmf.deforestation_year,primary,2001,year_of_deforestation,55,2025-06-01T00:00:00Z,model_output,h2jrvu4omtyserqvzsaek3xfzgldusspzm5ch3lq5wv7o2ru7ghq,2571442,2571654,PASS,pass,pass,pass,pass,pass,pass,pass,pass,pass,pass,pass,pass,pass,pass,pass,pass,pass,pass,n/a,n/a
rondonia,esa_cci_biomass.agb_t_per_ha_2022,primary,235.0,t_per_ha,52,2025-03-01T00:00:00Z,model_output,wlo35mawnmsce6ahwwu26xvrt7mjbzauzb62jwkxszerjr3izcza,2571447,2571654,PASS,pass,pass,pass,pass,pass,pass,pass,pass,pass,pass,pass,pass,pass,pass,pass,pass,pass,pass,n/a,n/a
rondonia,hansen.loss_year,primary,0,year_of_loss,55,2025-04-01T00:00:00Z,model_output,a6gez2ij7r64umqnfobthf5altwx7ulsdksq7wbe6yym5nzn74kq,2571446,2571654,PASS,pass,pass,pass,pass,pass,pass,pass,pass,pass,pass,pass,pass,pass,pass,pass,pass,pass,pass,n/a,n/a
rondonia,hansen.tree_cover_2000,primary,97,percent_canopy_cover,55,2025-04-01T00:00:00Z,model_output,o2vta22dvl26hgndnrjzznh2nbwi2pfxthw2hgdwq3kppfddcewq,2571447,2571654,PASS,pass,pass,pass,pass,pass,pass,pass,pass,pass,pass,pass,pass,pass,pass,pass,pass,pass,pass,n/a,n/a
rondonia,indices.ndvi,primary,0.8447204968944098,,20724,2026-09-28T14:28:01.024000Z,deterministic_index,kob3dc6rv5ihkb4qgq6pdt4qpv4lutfrkctdtovnf4rtax7qnb5a,2571450,2571654,PASS,pass,pass,pass,pass,pass,pass,pass,pass,pass,pass,pass,pass,pass,pass,pass,pass,pass,pass,n/a,pass
rondonia,jrc_gfc2020.forest_2020,primary,1,boolean_eudr_forest_2020,0,2024-04-25T00:00:00Z,model_output,5oeoe65bz3eahxctubdyvji7std4y2cfdcicqmajdu5hxbeafgpa,2571447,2571654,PASS,pass,pass,pass,pass,pass,pass,pass,pass,pass,pass,pass,pass,pass,pass,pass,pass,pass,pass,n/a,n/a
rondonia,jrc_tmf.deforestation_year,primary,0,year_of_deforestation,55,2025-06-01T00:00:00Z,model_output,rbsd44snyhoxyossaqeepqv4dpraa6x6zz44i5ul6pglhps7fnwa,2571447,2571654,PASS,pass,pass,pass,pass,pass,pass,pass,pass,pass,pass,pass,pass,pass,pass,pass,pass,pass,pass,n/a,n/a
rondonia,esa_cci_biomass.agb_t_per_ha_2022,primary,245.0,t_per_ha,52,2025-03-01T00:00:00Z,model_output,gjkvbzn6t5b2hdewx4jlz4grpwzzhnfd3llnl64iqd33242aytia,2571449,2571654,PASS,pass,pass,pass,pass,pass,pass,pass,pass,pass,pass,pass,pass,pass,pass,pass,pass,pass,pass,n/a,n/a
rondonia,hansen.loss_year,primary,0,year_of_loss,55,2025-04-01T00:00:00Z,model_output,5y5lbdnehgcl6pdyxjf2dwgw7udjl4bk2wnpnr2umddjejfpdaiq,2571449,2571654,PASS,pass,pass,pass,pass,pass,pass,pass,pass,pass,pass,pass,pass,pass,pass,pass,pass,pass,pass,n/a,n/a
rondonia,hansen.tree_cover_2000,primary,100,percent_canopy_cover,55,2025-04-01T00:00:00Z,model_output,6pkjqr53zos2qa4sfdbjzeg5cliksatsbj4anlrrq2ch6jcaltva,2571449,2571654,PASS,pass,pass,pass,pass,pass,pass,pass,pass,pass,pass,pass,pass,pass,pass,pass,pass,pass,pass,n/a,n/a
rondonia,indices.ndvi,primary,0.7882689556509297,,20724,2026-09-28T14:28:01.024000Z,deterministic_index,qalqtxjmgtvtum3sukumkjfh5bis55snrefd26a4eqvgvzqrsxnq,2571452,2571654,PASS,pass,pass,pass,pass,pass,pass,pass,pass,pass,pass,pass,pass,pass,pass,pass,pass,pass,pass,n/a,pass
rondonia,jrc_gfc2020.forest_2020,primary,1,boolean_eudr_forest_2020,0,2024-04-25T00:00:00Z,model_output,xhphheoy7ul7iw4ni6n6xubqmdauh4mlksubp2an65ki6ig2bp7q,2571449,2571654,PASS,pass,pass,pass,pass,pass,pass,pass,pass,pass,pass,pass,pass,pass,pass,pass,pass,pass,pass,n/a,n/a
rondonia,jrc_tmf.deforestation_year,primary,0,year_of_deforestation,55,2025-06-01T00:00:00Z,model_output,aohow24536cnckyemnjgycs7qcasklgxnjjamzn3wpof2ijwbsoq,2571449,2571654,PASS,pass,pass,pass,pass,pass,pass,pass,pass,pass,pass,pass,pass,pass,pass,pass,pass,pass,pass,n/a,n/a
rondonia,esa_cci_biomass.agb_t_per_ha_2022,primary,219.0,t_per_ha,52,2025-03-01T00:00:00Z,model_output,jemaxs46aw5ycyfwjpjsvuhniffownzfnbujpnmll2pvgsbcalrq,2571448,2571654,PASS,pass,pass,pass,pass,pass,pass,pass,pass,pass,pass,pass,pass,pass,pass,pass,pass,pass,pass,n/a,n/a
rondonia,hansen.loss_year,primary,0,year_of_loss,55,2025-04-01T00:00:00Z,model_output,3nztysvi5cuclzgxitraapx4fhbj4wf7exf62okkva7lmvmobeia,2571448,2571654,PASS,pass,pass,pass,pass,pass,pass,pass,pass,pass,pass,pass,pass,pass,pass,pass,pass,pass,pass,n/a,n/a
rondonia,hansen.tree_cover_2000,primary,98,percent_canopy_cover,55,2025-04-01T00:00:00Z,model_output,yu6cuyw3iem2olxsuphkykz5k2slqirmsu6nbkmpc5kgohdfsrta,2571448,2571654,PASS,pass,pass,pass,pass,pass,pass,pass,pass,pass,pass,pass,pass,pass,pass,pass,pass,pass,pass,n/a,n/a
rondonia,indices.ndvi,primary,0.8154696132596686,,20724,2026-09-28T14:28:01.024000Z,deterministic_index,2hs6g43b33c57nsjhsicpeazj74btoapd6r72f76mpiwfsnhjjga,2571451,2571654,PASS,pass,pass,pass,pass,pass,pass,pass,pass,pass,pass,pass,pass,pass,pass,pass,pass,pass,pass,n/a,pass
rondonia,jrc_gfc2020.forest_2020,primary,1,boolean_eudr_forest_2020,0,2024-04-25T00:00:00Z,model_output,uwsmbvp3oqc7m6bg5wvb5h45n5ds7vjk3ome7qew7zzeukl66ayq,2571448,2571654,PASS,pass,pass,pass,pass,pass,pass,pass,pass,pass,pass,pass,pass,pass,pass,pass,pass,pass,pass,n/a,n/a
rondonia,jrc_tmf.deforestation_year,primary,0,year_of_deforestation,55,2025-06-01T00:00:00Z,model_output,ro56exrydddwwbgyqtofu3aiptqre63zkyqghgtamtnjrnos6hpq,2571448,2571654,PASS,pass,pass,pass,pass,pass,pass,pass,pass,pass,pass,pass,pass,pass,pass,pass,pass,pass,pass,n/a,n/a
rondonia,esa_cci_biomass.agb_t_per_ha_2022,primary,164.0,t_per_ha,52,2025-03-01T00:00:00Z,model_output,jebyux6zbelskusxwslsfmy736zvbbjar2bhrx62nsbh2c6orfxq,2571454,2571654,PASS,pass,pass,pass,pass,pass,pass,pass,pass,pass,pass,pass,pass,pass,pass,pass,pass,pass,pass,n/a,n/a
rondonia,hansen.loss_year,primary,0,year_of_loss,55,2025-04-01T00:00:00Z,model_output,e3zoxibd4hl5ugsoytcxselzengcysrcbgtmrtddprlfyhgjdyxq,2571453,2571654,PASS,pass,pass,pass,pass,pass,pass,pass,pass,pass,pass,pass,pass,pass,pass,pass,pass,pass,pass,n/a,n/a
rondonia,hansen.tree_cover_2000,primary,0,percent_canopy_cover,55,2025-04-01T00:00:00Z,model_output,olfrof7ygneds34obgo2x7xfmjsbvhrn73xbjs4n22pbzf3r5b3q,2571454,2571654,PASS,pass,pass,pass,pass,pass,pass,pass,pass,pass,pass,pass,pass,pass,pass,pass,pass,pass,pass,n/a,n/a
rondonia,indices.ndvi,primary,0.5935483870967742,,20724,2026-09-28T14:28:01.024000Z,deterministic_index,ads2skuge332pkqekspsp7kgx5ibrboa57cwn5lvp4ucyrgf4q5a,2571457,2571654,PASS,pass,pass,pass,pass,pass,pass,pass,pass,pass,pass,pass,pass,pass,pass,pass,pass,pass,pass,n/a,pass
rondonia,jrc_gfc2020.forest_2020,primary,0,boolean_eudr_forest_2020,0,2024-04-25T00:00:00Z,model_output,eklsm5v6fpmknltr6alr4b44dqtw47gpwu3lfcfw64g2zuwkokya,2571454,2571654,PASS,pass,pass,pass,pass,pass,pass,pass,pass,pass,pass,pass,pass,pass,pass,pass,pass,pass,pass,n/a,n/a
rondonia,jrc_tmf.deforestation_year,primary,1997,year_of_deforestation,55,2025-06-01T00:00:00Z,model_output,loctok5gwdxcdcgekj7qbtaii2gisilbgn6f5fvw44y7xokfc7na,2571454,2571654,PASS,pass,pass,pass,pass,pass,pass,pass,pass,pass,pass,pass,pass,pass,pass,pass,pass,pass,pass,n/a,n/a
rondonia,esa_cci_biomass.agb_t_per_ha_2022,primary,146.0,t_per_ha,52,2025-03-01T00:00:00Z,model_output,aimwrvl4iu4zwi6p5we4mgnpxa2o7dwidheu4s7eohlhuwa67ttq,2571456,2571654,PASS,pass,pass,pass,pass,pass,pass,pass,pass,pass,pass,pass,pass,pass,pass,pass,pass,pass,pass,n/a,n/a
rondonia,hansen.loss_year,primary,0,year_of_loss,55,2025-04-01T00:00:00Z,model_output,nbgpcuci2e4oncfdmjaspcji42rpj3hfwaegfhiqhfsdrkcbl6uq,2571455,2571654,PASS,pass,pass,pass,pass,pass,pass,pass,pass,pass,pass,pass,pass,pass,pass,pass,pass,pass,pass,n/a,n/a
rondonia,hansen.tree_cover_2000,primary,99,percent_canopy_cover,55,2025-04-01T00:00:00Z,model_output,oaqmqcjwr3qqxjvedovr7rv242h4dypzkbqqisf3dcvoqr4dwt7q,2571456,2571654,PASS,pass,pass,pass,pass,pass,pass,pass,pass,pass,pass,pass,pass,pass,pass,pass,pass,pass,pass,n/a,n/a
rondonia,indices.ndvi,primary,0.8356164383561644,,20717,2026-09-21T14:27:09.024000Z,deterministic_index,3sb3f34a3uwssu27a3xpxxgtzaa2v2tw42lzkjm3ffx3jeu43pca,2571467,2571654,PASS,pass,pass,pass,pass,pass,pass,pass,pass,pass,pass,pass,pass,pass,pass,pass,pass,pass,pass,n/a,pass
rondonia,jrc_gfc2020.forest_2020,primary,1,boolean_eudr_forest_2020,0,2024-04-25T00:00:00Z,model_output,hgdbrvf5obifcia6ecu5n7xaczzmm2hiim66eoovpempwcjojuja,2571456,2571654,PASS,pass,pass,pass,pass,pass,pass,pass,pass,pass,pass,pass,pass,pass,pass,pass,pass,pass,pass,n/a,n/a
rondonia,jrc_tmf.deforestation_year,primary,0,year_of_deforestation,55,2025-06-01T00:00:00Z,model_output,pquru4o5vsr4tpqhq3hgaghowh5ohm2usdcmsqs2l4zr4z5q4eqq,2571456,2571654,PASS,pass,pass,pass,pass,pass,pass,pass,pass,pass,pass,pass,pass,pass,pass,pass,pass,pass,pass,n/a,n/a
rondonia,esa_cci_biomass.agb_t_per_ha_2022,primary,271.0,t_per_ha,52,2025-03-01T00:00:00Z,model_output,c3iqggiqnmgr3ibp2zhcn2g5xmrajkt55irlscklrgkvleryldka,2571459,2571654,PASS,pass,pass,pass,pass,pass,pass,pass,pass,pass,pass,pass,pass,pass,pass,pass,pass,pass,pass,n/a,n/a
rondonia,hansen.loss_year,primary,0,year_of_loss,55,2025-04-01T00:00:00Z,model_output,kn46iqzeqimgrpdostmful63vjpdluh6qap56qjm32aqeje3mrca,2571458,2571654,PASS,pass,pass,pass,pass,pass,pass,pass,pass,pass,pass,pass,pass,pass,pass,pass,pass,pass,pass,n/a,n/a
rondonia,hansen.tree_cover_2000,primary,97,percent_canopy_cover,55,2025-04-01T00:00:00Z,model_output,dthjawupc32rgeszrjjzwt57o74iriigovikn2blw5vswom6kipa,2571459,2571654,PASS,pass,pass,pass,pass,pass,pass,pass,pass,pass,pass,pass,pass,pass,pass,pass,pass,pass,pass,n/a,n/a
rondonia,indices.ndvi,primary,0.7609756097560975,,20717,2026-09-21T14:27:09.024000Z,deterministic_index,jitic2ubamd3daog3fijfm7h34sj5hncwizq6in35xw3uchxbvuq,2571466,2571654,PASS,pass,pass,pass,pass,pass,pass,pass,pass,pass,pass,pass,pass,pass,pass,pass,pass,pass,pass,n/a,pass
rondonia,jrc_gfc2020.forest_2020,primary,1,boolean_eudr_forest_2020,0,2024-04-25T00:00:00Z,model_output,gqfxyaxqqipqvp7j6xse74h24brurk7sap425jak3gk52m23rp6a,2571459,2571654,PASS,pass,pass,pass,pass,pass,pass,pass,pass,pass,pass,pass,pass,pass,pass,pass,pass,pass,pass,n/a,n/a
rondonia,jrc_tmf.deforestation_year,primary,0,year_of_deforestation,55,2025-06-01T00:00:00Z,model_output,gbybdnmdeuxzlbcev4jkggxgixgrat3yuziq3p4smguuw22gbrma,2571459,2571654,PASS,pass,pass,pass,pass,pass,pass,pass,pass,pass,pass,pass,pass,pass,pass,pass,pass,pass,pass,n/a,n/a
rondonia,esa_cci_biomass.agb_t_per_ha_2022,primary,0.0,t_per_ha,52,2025-03-01T00:00:00Z,model_output,dbtf5uuzvlp6nm6fm7lxce7nvhiztfqkdtpjb46ncbxf53uwmhwq,2571461,2571654,PASS,pass,pass,pass,pass,pass,pass,pass,pass,pass,pass,pass,pass,pass,pass,pass,pass,pass,pass,n/a,n/a
rondonia,hansen.loss_year,primary,0,year_of_loss,55,2025-04-01T00:00:00Z,model_output,dh7zdv5qxuuwvgjmm3jbte4tdn3yoowt3wyvw5w3coijjlcqx4ga,2571460,2571654,PASS,pass,pass,pass,pass,pass,pass,pass,pass,pass,pass,pass,pass,pass,pass,pass,pass,pass,pass,n/a,n/a
rondonia,hansen.tree_cover_2000,primary,0,percent_canopy_cover,55,2025-04-01T00:00:00Z,model_output,efixbdhqs5md6wqokcsrfnzjb6hreqeh554lrfkrq2hwxgrrfg5a,2571461,2571654,PASS,pass,pass,pass,pass,pass,pass,pass,pass,pass,pass,pass,pass,pass,pass,pass,pass,pass,pass,n/a,n/a
rondonia,indices.ndvi,primary,0.3590562791840747,,20717,2026-09-21T14:27:09.024000Z,deterministic_index,lnagjxajiwpjstbg5l6lrjkkd4u5wgwyoeh3a7xjsydtx6ek464q,2571462,2571654,PASS,pass,pass,pass,pass,pass,pass,pass,pass,pass,pass,pass,pass,pass,pass,pass,pass,pass,pass,n/a,pass
rondonia,jrc_gfc2020.forest_2020,primary,0,boolean_eudr_forest_2020,0,2024-04-25T00:00:00Z,model_output,hydgw5i2v3u4vllxc3wdj2b7zkpofeo5n4y5lt57eg5v7vhfycqq,2571461,2571654,PASS,pass,pass,pass,pass,pass,pass,pass,pass,pass,pass,pass,pass,pass,pass,pass,pass,pass,pass,n/a,n/a
rondonia,jrc_tmf.deforestation_year,primary,0,year_of_deforestation,55,2025-06-01T00:00:00Z,model_output,kjjpzddo63x32qil5jhzxaojt7hyzmdcfzkyrq6r7cyaae5mhxua,2571461,2571654,PASS,pass,pass,pass,pass,pass,pass,pass,pass,pass,pass,pass,pass,pass,pass,pass,pass,pass,pass,n/a,n/a
rondonia,esa_cci_biomass.agb_t_per_ha_2022,primary,184.0,t_per_ha,52,2025-03-01T00:00:00Z,model_output,d4grgzqwnupj6rexhuynfs44t6szuxnrgwql36gv4y5rlc6b3zla,2571470,2571654,PASS,pass,pass,pass,pass,pass,pass,pass,pass,pass,pass,pass,pass,pass,pass,pass,pass,pass,pass,n/a,n/a
rondonia,hansen.loss_year,primary,0,year_of_loss,55,2025-04-01T00:00:00Z,model_output,adm3dojsoivlpygymfasggx2nbh23b4rhjmprqr543yvnrytkxfq,2571464,2571654,PASS,pass,pass,pass,pass,pass,pass,pass,pass,pass,pass,pass,pass,pass,pass,pass,pass,pass,pass,n/a,n/a
rondonia,hansen.tree_cover_2000,primary,82,percent_canopy_cover,55,2025-04-01T00:00:00Z,model_output,xpqyrgz22ynnjv7tqmeqizezuctcysxg7efshi5bchqhs2fj4hza,2571465,2571654,PASS,pass,pass,pass,pass,pass,pass,pass,pass,pass,pass,pass,pass,pass,pass,pass,pass,pass,pass,n/a,n/a
rondonia,indices.ndvi,primary,0.7909690512430237,,20724,2026-09-28T14:28:01.024000Z,deterministic_index,u3co3kkdpmxn3ss7fy2wta7elok4blxoqx52wgyo2nrjxt7dsj3a,2571468,2571654,PASS,pass,pass,pass,pass,pass,pass,pass,pass,pass,pass,pass,pass,pass,pass,pass,pass,pass,pass,n/a,pass
rondonia,jrc_gfc2020.forest_2020,primary,1,boolean_eudr_forest_2020,0,2024-04-25T00:00:00Z,model_output,pjmu72mtv3kewf4nz4l2n7cjayqadsffrjndei3ruc6ak7pj5gha,2571469,2571654,PASS,pass,pass,pass,pass,pass,pass,pass,pass,pass,pass,pass,pass,pass,pass,pass,pass,pass,pass,n/a,n/a
rondonia,jrc_tmf.deforestation_year,primary,0,year_of_deforestation,55,2025-06-01T00:00:00Z,model_output,dfqbnrjyqbjy4o6w225wxn5icinuhmih6o73jx52nrffybczztdq,2571463,2571654,PASS,pass,pass,pass,pass,pass,pass,pass,pass,pass,pass,pass,pass,pass,pass,pass,pass,pass,pass,n/a,n/a
rondonia,esa_cci_biomass.agb_t_per_ha_2022,primary,0.0,t_per_ha,52,2025-03-01T00:00:00Z,model_output,daawcwtufjkbf3parxhdiaglbfb6awefgwglz33boh72aw2neqpq,2571472,2571654,PASS,pass,pass,pass,pass,pass,pass,pass,pass,pass,pass,pass,pass,pass,pass,pass,pass,pass,pass,n/a,n/a
rondonia,hansen.loss_year,primary,2002,year_of_loss,55,2025-04-01T00:00:00Z,model_output,pdsoilf63azih4dafsdqpczwy6dv5vgpufqho4jfhpyafftu4rgq,2571471,2571654,PASS,pass,pass,pass,pass,pass,pass,pass,pass,pass,pass,pass,pass,pass,pass,pass,pass,pass,pass,n/a,n/a
rondonia,hansen.tree_cover_2000,primary,99,percent_canopy_cover,55,2025-04-01T00:00:00Z,model_output,hrbywyk2p7sek7ixjcq4tgdnopkrldwxe7aimufhwbhs3todq55q,2571472,2571654,PASS,pass,pass,pass,pass,pass,pass,pass,pass,pass,pass,pass,pass,pass,pass,pass,pass,pass,pass,n/a,n/a
rondonia,indices.ndvi,primary,0.34413906506929764,,20724,2026-09-28T14:28:01.024000Z,deterministic_index,njbxbrabnmbgflz7ulcm6xot5tugk62csydwjncyjmdopmrdsorq,2571476,2571654,PASS,pass,pass,pass,pass,pass,pass,pass,pass,pass,pass,pass,pass,pass,pass,pass,pass,pass,pass,n/a,pass
rondonia,jrc_gfc2020.forest_2020,primary,0,boolean_eudr_forest_2020,0,2024-04-25T00:00:00Z,model_output,hmdas2wcxnylvdwensor6sinsfyt2u2fnmmesdwx3lq2jj54xmrq,2571472,2571654,PASS,pass,pass,pass,pass,pass,pass,pass,pass,pass,pass,pass,pass,pass,pass,pass,pass,pass,pass,n/a,n/a
rondonia,jrc_tmf.deforestation_year,primary,2002,year_of_deforestation,55,2025-06-01T00:00:00Z,model_output,yjkmghj23alqixadkcn3lc7l7jnuktzgdl5atxtcoy6zt2eqcrqq,2571472,2571654,PASS,pass,pass,pass,pass,pass,pass,pass,pass,pass,pass,pass,pass,pass,pass,pass,pass,pass,pass,n/a,n/a
rondonia,esa_cci_biomass.agb_t_per_ha_2022,primary,0.0,t_per_ha,52,2025-03-01T00:00:00Z,model_output,icqdrqiln24tge4ct4odmm5s2gghk7tqoemk4gdke3gwglvhppua,2571473,2571654,PASS,pass,pass,pass,pass,pass,pass,pass,pass,pass,pass,pass,pass,pass,pass,pass,pass,pass,pass,n/a,n/a
rondonia,hansen.loss_year,primary,2002,year_of_loss,55,2025-04-01T00:00:00Z,model_output,ty5wwf6wefgwmdgcwjtm5dbfrni547ecdx2zwgl4ja4emf5fym4a,2571473,2571654,PASS,pass,pass,pass,pass,pass,pass,pass,pass,pass,pass,pass,pass,pass,pass,pass,pass,pass,pass,n/a,n/a
rondonia,hansen.tree_cover_2000,primary,100,percent_canopy_cover,55,2025-04-01T00:00:00Z,model_output,5urewdxapwuf5usdizqa7h4j7glac47xdjtdtiiyefdagbdslkfq,2571473,2571654,PASS,pass,pass,pass,pass,pass,pass,pass,pass,pass,pass,pass,pass,pass,pass,pass,pass,pass,pass,n/a,n/a
rondonia,indices.ndvi,primary,0.3091423185673892,,20724,2026-09-28T14:28:01.024000Z,deterministic_index,lkzva5owxrfgh3h3lrsc6dxze37pi3ndwbkovqoph2uuua2dw3xq,2571477,2571654,PASS,pass,pass,pass,pass,pass,pass,pass,pass,pass,pass,pass,pass,pass,pass,pass,pass,pass,pass,n/a,pass
rondonia,jrc_gfc2020.forest_2020,primary,0,boolean_eudr_forest_2020,0,2024-04-25T00:00:00Z,model_output,mfpp6czygtbfauqqiipcvbvt7ctrfxnrf45cix57w3vmkbjwsjkq,2571473,2571654,PASS,pass,pass,pass,pass,pass,pass,pass,pass,pass,pass,pass,pass,pass,pass,pass,pass,pass,pass,n/a,n/a
rondonia,jrc_tmf.deforestation_year,primary,2002,year_of_deforestation,55,2025-06-01T00:00:00Z,model_output,jyui3ufi3eeeje355r6ses5so6dhoezq5ldkdkmqdvhxn37fvc7q,2571473,2571654,PASS,pass,pass,pass,pass,pass,pass,pass,pass,pass,pass,pass,pass,pass,pass,pass,pass,pass,pass,n/a,n/a
rondonia,esa_cci_biomass.agb_t_per_ha_2022,primary,167.0,t_per_ha,52,2025-03-01T00:00:00Z,model_output,fueyv7fceqfck5cf5puswt72636vjwv4upkuubrsgnoex57yxt2q,2571475,2571654,PASS,pass,pass,pass,pass,pass,pass,pass,pass,pass,pass,pass,pass,pass,pass,pass,pass,pass,pass,n/a,n/a
rondonia,hansen.loss_year,primary,0,year_of_loss,55,2025-04-01T00:00:00Z,model_output,4bygxjiwgc4gbb4htumuyleml3h4mk5e5e4cibblbbh2lprbsliq,2571474,2571654,PASS,pass,pass,pass,pass,pass,pass,pass,pass,pass,pass,pass,pass,pass,pass,pass,pass,pass,pass,n/a,n/a
rondonia,hansen.tree_cover_2000,primary,99,percent_canopy_cover,55,2025-04-01T00:00:00Z,model_output,guvmi6fqno5sit46l7lhkmfrdhfuks2rfmxvqsrpap5qwsbfgvca,2571475,2571654,PASS,pass,pass,pass,pass,pass,pass,pass,pass,pass,pass,pass,pass,pass,pass,pass,pass,pass,pass,n/a,n/a
rondonia,indices.ndvi,primary,0.8172309386182218,,20724,2026-09-28T14:28:01.024000Z,deterministic_index,a7hmnoo7krcjfuqphksgyqte3ufngflehihe35pbjifmucxewywq,2571478,2571654,PASS,pass,pass,pass,pass,pass,pass,pass,pass,pass,pass,pass,pass,pass,pass,pass,pass,pass,pass,n/a,pass
rondonia,jrc_gfc2020.forest_2020,primary,1,boolean_eudr_forest_2020,0,2024-04-25T00:00:00Z,model_output,zl5pjekyh2urv4rn7pfbkgbdl7idfcab6yyggnb6ih7fhrk3qb6a,2571475,2571654,PASS,pass,pass,pass,pass,pass,pass,pass,pass,pass,pass,pass,pass,pass,pass,pass,pass,pass,pass,n/a,n/a
rondonia,jrc_tmf.deforestation_year,primary,0,year_of_deforestation,55,2025-06-01T00:00:00Z,model_output,kfqkfga33zyzwcve3py34yw2t6w7s7xdaohmvuyzvxekscfrktoa,2571475,2571654,PASS,pass,pass,pass,pass,pass,pass,pass,pass,pass,pass,pass,pass,pass,pass,pass,pass,pass,pass,n/a,n/a
rondonia,esa_cci_biomass.agb_t_per_ha_2022,primary,159.0,t_per_ha,52,2025-03-01T00:00:00Z,model_output,hc5gxdeedmsseel3gcdaexa6ntsx5lwublghb4y3ovkxr64dcf5a,2571480,2571654,PASS,pass,pass,pass,pass,pass,pass,pass,pass,pass,pass,pass,pass,pass,pass,pass,pass,pass,pass,n/a,n/a
rondonia,hansen.loss_year,primary,0,year_of_loss,55,2025-04-01T00:00:00Z,model_output,6q6gyueok33se7r743eb24p6fgdk4cgwi3pdxfzkwpmsjsjkyybq,2571479,2571654,PASS,pass,pass,pass,pass,pass,pass,pass,pass,pass,pass,pass,pass,pass,pass,pass,pass,pass,pass,n/a,n/a
rondonia,hansen.tree_cover_2000,primary,100,percent_canopy_cover,55,2025-04-01T00:00:00Z,model_output,feyc2uwmnxil2wc3glnh3k53rcgkqjgg34ox2wdfsjzjod2a5m5q,2571480,2571654,PASS,pass,pass,pass,pass,pass,pass,pass,pass,pass,pass,pass,pass,pass,pass,pass,pass,pass,pass,n/a,n/a
rondonia,indices.ndvi,primary,0.7977350539899921,,20724,2026-09-28T14:28:01.024000Z,deterministic_index,z5dmmkmn5hc477a5cvvd3xtvc3mvd6zqe6klgeccgq6u7voo5i5q,2571485,2571654,PASS,pass,pass,pass,pass,pass,pass,pass,pass,pass,pass,pass,pass,pass,pass,pass,pass,pass,pass,n/a,pass
rondonia,jrc_gfc2020.forest_2020,primary,1,boolean_eudr_forest_2020,0,2024-04-25T00:00:00Z,model_output,2xvjaecv6jr6bk6u3ewnkruxqpqzui65obi3zbunvfuzwzbhmvba,2571480,2571654,PASS,pass,pass,pass,pass,pass,pass,pass,pass,pass,pass,pass,pass,pass,pass,pass,pass,pass,pass,n/a,n/a
rondonia,jrc_tmf.deforestation_year,primary,0,year_of_deforestation,55,2025-06-01T00:00:00Z,model_output,2ufkyxydrify2n6fdzqoqx5nnqhqwioztof2mdi76yukmmgfs5rq,2571480,2571654,PASS,pass,pass,pass,pass,pass,pass,pass,pass,pass,pass,pass,pass,pass,pass,pass,pass,pass,pass,n/a,n/a
rondonia,esa_cci_biomass.agb_t_per_ha_2022,primary,260.0,t_per_ha,52,2025-03-01T00:00:00Z,model_output,knnr2fwegmaz3a733ayz3ir5u7f4mnrx6eu5tbmvzx62a77dgfsa,2571482,2571654,PASS,pass,pass,pass,pass,pass,pass,pass,pass,pass,pass,pass,pass,pass,pass,pass,pass,pass,pass,n/a,n/a
rondonia,hansen.loss_year,primary,0,year_of_loss,55,2025-04-01T00:00:00Z,model_output,vp26v5vqn5fzvm5672zlmswrfe7tb6sa4nbr6tcsq7y6hr72u3ca,2571481,2571654,PASS,pass,pass,pass,pass,pass,pass,pass,pass,pass,pass,pass,pass,pass,pass,pass,pass,pass,pass,n/a,n/a
rondonia,hansen.tree_cover_2000,primary,99,percent_canopy_cover,55,2025-04-01T00:00:00Z,model_output,2ltobikwfgdnixs2w7alczzovlmcff2mrtzrxb6tdk2ujan2resq,2571482,2571654,PASS,pass,pass,pass,pass,pass,pass,pass,pass,pass,pass,pass,pass,pass,pass,pass,pass,pass,pass,n/a,n/a
rondonia,indices.ndvi,primary,0.7397959183673469,,20724,2026-09-28T14:28:01.024000Z,deterministic_index,43mlzhdpkyc2egaunw35jwjptxofuwa7s7wzwvhytthkela5myia,2571486,2571654,PASS,pass,pass,pass,pass,pass,pass,pass,pass,pass,pass,pass,pass,pass,pass,pass,pass,pass,pass,n/a,pass
rondonia,jrc_gfc2020.forest_2020,primary,1,boolean_eudr_forest_2020,0,2024-04-25T00:00:00Z,model_output,oc3vr5mvedqr2osud36jczqu7jearkxsixfxqjsmtmesddvtxawq,2571482,2571654,PASS,pass,pass,pass,pass,pass,pass,pass,pass,pass,pass,pass,pass,pass,pass,pass,pass,pass,pass,n/a,n/a
rondonia,jrc_tmf.deforestation_year,primary,1985,year_of_deforestation,55,2025-06-01T00:00:00Z,model_output,x6y443otfcboobll6v6niuvnbb2xtzfudmjpndxst5242jlwcooa,2571482,2571654,PASS,pass,pass,pass,pass,pass,pass,pass,pass,pass,pass,pass,pass,pass,pass,pass,pass,pass,pass,n/a,n/a
rondonia,esa_cci_biomass.agb_t_per_ha_2022,primary,239.0,t_per_ha,52,2025-03-01T00:00:00Z,model_output,hwbno47nwzpo7otlnfi5oknyge5wwt4gdskcfku53psdkb72f2pa,2571484,2571654,PASS,pass,pass,pass,pass,pass,pass,pass,pass,pass,pass,pass,pass,pass,pass,pass,pass,pass,pass,n/a,n/a
rondonia,hansen.loss_year,primary,0,year_of_loss,55,2025-04-01T00:00:00Z,model_output,pd7j7rsmuxgddjtlgdgukbrti4xkpkjvm7gifqeqwdl5p74s7ppq,2571484,2571654,PASS,pass,pass,pass,pass,pass,pass,pass,pass,pass,pass,pass,pass,pass,pass,pass,pass,pass,pass,n/a,n/a
rondonia,hansen.tree_cover_2000,primary,100,percent_canopy_cover,55,2025-04-01T00:00:00Z,model_output,sk24sapd7rooljjyw776kafxfacrpjxuclbiyogl7badysqkzmjq,2571483,2571654,PASS,pass,pass,pass,pass,pass,pass,pass,pass,pass,pass,pass,pass,pass,pass,pass,pass,pass,pass,n/a,n/a
rondonia,indices.ndvi,primary,0.8126184673707012,,20724,2026-09-28T14:28:01.024000Z,deterministic_index,cte2sb5qouigekix4a2hxlfriljhswkdlt4lqrq324duunxconpa,2571487,2571654,PASS,pass,pass,pass,pass,pass,pass,pass,pass,pass,pass,pass,pass,pass,pass,pass,pass,pass,pass,n/a,pass
rondonia,jrc_gfc2020.forest_2020,primary,1,boolean_eudr_forest_2020,0,2024-04-25T00:00:00Z,model_output,qmpzawwawfbtbwvso2nlyia4xazzmzyeq3fdo3it4ywtw4gh2m6a,2571484,2571654,PASS,pass,pass,pass,pass,pass,pass,pass,pass,pass,pass,pass,pass,pass,pass,pass,pass,pass,pass,n/a,n/a
rondonia,jrc_tmf.deforestation_year,primary,0,year_of_deforestation,55,2025-06-01T00:00:00Z,model_output,bdo7jqph3y6romv2oe4n7wysxmiqfavkhu7fehy3xork3lwhfoaq,2571484,2571654,PASS,pass,pass,pass,pass,pass,pass,pass,pass,pass,pass,pass,pass,pass,pass,pass,pass,pass,pass,n/a,n/a
rondonia,esa_cci_biomass.agb_t_per_ha_2022,primary,240.0,t_per_ha,52,2025-03-01T00:00:00Z,model_output,xxuhqjctj55dcsc3d4ftojywra63heodyrebwwf5k2elp2cvebfa,2571489,2571654,PASS,pass,pass,pass,pass,pass,pass,pass,pass,pass,pass,pass,pass,pass,pass,pass,pass,pass,pass,n/a,n/a
rondonia,hansen.loss_year,primary,0,year_of_loss,55,2025-04-01T00:00:00Z,model_output,m47mjq2mhe5as6uhu6c3h7pqzdr6s3vxlujoxwd4rq37xbpbcroq,2571489,2571654,PASS,pass,pass,pass,pass,pass,pass,pass,pass,pass,pass,pass,pass,pass,pass,pass,pass,pass,pass,n/a,n/a
rondonia,hansen.tree_cover_2000,primary,99,percent_canopy_cover,55,2025-04-01T00:00:00Z,model_output,qx2bh2icixqypfxxqu36ddm5zqlf332se44uuyv43pxkqy46k32a,2571488,2571654,PASS,pass,pass,pass,pass,pass,pass,pass,pass,pass,pass,pass,pass,pass,pass,pass,pass,pass,pass,n/a,n/a
rondonia,indices.ndvi,primary,0.8088381330685205,,20724,2026-09-28T14:28:01.024000Z,deterministic_index,5xtiyge6fmjkkkkhgmwicfgqgdseyolpyke2ghr7vzc5vabzczka,2571490,2571654,PASS,pass,pass,pass,pass,pass,pass,pass,pass,pass,pass,pass,pass,pass,pass,pass,pass,pass,pass,n/a,pass
rondonia,jrc_gfc2020.forest_2020,primary,1,boolean_eudr_forest_2020,0,2024-04-25T00:00:00Z,model_output,b4cuwsun4yumux4jwsrslxi3ifsrn6u4q3yza3kyx7ido5axb66q,2571489,2571654,PASS,pass,pass,pass,pass,pass,pass,pass,pass,pass,pass,pass,pass,pass,pass,pass,pass,pass,pass,n/a,n/a
rondonia,jrc_tmf.deforestation_year,primary,0,year_of_deforestation,55,2025-06-01T00:00:00Z,model_output,tlcjqes4v7reypwclqflz4cgljjtyzqyrhu2pp7lnj2pklxclaca,2571489,2571654,PASS,pass,pass,pass,pass,pass,pass,pass,pass,pass,pass,pass,pass,pass,pass,pass,pass,pass,pass,n/a,n/a
rondonia,esa_cci_biomass.agb_t_per_ha_2022,primary,231.0,t_per_ha,52,2025-03-01T00:00:00Z,model_output,3mg6htc2gefqy5bndqmpo6cdhyzucmg6olu43emwtgoese3ya73q,2571492,2571654,PASS,pass,pass,pass,pass,pass,pass,pass,pass,pass,pass,pass,pass,pass,pass,pass,pass,pass,pass,n/a,n/a
rondonia,hansen.loss_year,primary,2024,year_of_loss,55,2025-04-01T00:00:00Z,model_output,oiu5g7xg2hnokz25sjoxagm42m7wodcb6xemhxrmokpol4vtu2va,2571491,2571654,PASS,pass,pass,pass,pass,pass,pass,pass,pass,pass,pass,pass,pass,pass,pass,pass,pass,pass,pass,n/a,n/a
rondonia,hansen.tree_cover_2000,primary,86,percent_canopy_cover,55,2025-04-01T00:00:00Z,model_output,wnvi7ze7ang6esfx5krspj67xrdzstavtara7hrs5ol4c73zdlsq,2571492,2571654,PASS,pass,pass,pass,pass,pass,pass,pass,pass,pass,pass,pass,pass,pass,pass,pass,pass,pass,pass,n/a,n/a
rondonia,indices.ndvi,primary,0.6816743733268434,,20717,2026-09-21T14:27:09.024000Z,deterministic_index,2zmm2wnhjwxjmtjiutauasmnhnaxl67qxchmqdxo7pv4u737jbuq,2571495,2571654,PASS,pass,pass,pass,pass,pass,pass,pass,pass,pass,pass,pass,pass,pass,pass,pass,pass,pass,pass,n/a,pass
rondonia,jrc_gfc2020.forest_2020,primary,1,boolean_eudr_forest_2020,0,2024-04-25T00:00:00Z,model_output,v6dyr5msnzspzl3ltoondbzjyux5n7zpcxel2ulxdrnnevr5ekra,2571492,2571654,PASS,pass,pass,pass,pass,pass,pass,pass,pass,pass,pass,pass,pass,pass,pass,pass,pass,pass,pass,n/a,n/a
rondonia,jrc_tmf.deforestation_year,primary,0,year_of_deforestation,55,2025-06-01T00:00:00Z,model_output,kctwxvywmkvss3th4p5nvi4ataymfa737jxl3b2zogrenhcp473a,2571492,2571654,PASS,pass,pass,pass,pass,pass,pass,pass,pass,pass,pass,pass,pass,pass,pass,pass,pass,pass,pass,n/a,n/a
rondonia,esa_cci_biomass.agb_t_per_ha_2022,primary,200.0,t_per_ha,52,2025-03-01T00:00:00Z,model_output,tdsv42dvik2wrf6otilf3kvycfwcgvvvsqikriar2mpqplmtpvna,2571494,2571654,PASS,pass,pass,pass,pass,pass,pass,pass,pass,pass,pass,pass,pass,pass,pass,pass,pass,pass,pass,n/a,n/a
rondonia,hansen.loss_year,primary,0,year_of_loss,55,2025-04-01T00:00:00Z,model_output,q6kdudkgxrg72ta63pskifdxrkziddfycejuoucdrgtu3dlsmk2a,2571493,2571654,PASS,pass,pass,pass,pass,pass,pass,pass,pass,pass,pass,pass,pass,pass,pass,pass,pass,pass,pass,n/a,n/a
rondonia,hansen.tree_cover_2000,primary,100,percent_canopy_cover,55,2025-04-01T00:00:00Z,model_output,3pxiboodvwa3zs6o2rd3genkn7jq3adnea4zuglagncq7dgyk7cq,2571494,2571654,PASS,pass,pass,pass,pass,pass,pass,pass,pass,pass,pass,pass,pass,pass,pass,pass,pass,pass,pass,n/a,n/a
rondonia,indices.ndvi,primary,0.8482088646023072,,20717,2026-09-21T14:27:09.024000Z,deterministic_index,t6yg2vqjq77utekoeu4k4zgtvsxyak4v5fykmp737whmgeijjmyq,2571496,2571654,PASS,pass,pass,pass,pass,pass,pass,pass,pass,pass,pass,pass,pass,pass,pass,pass,pass,pass,pass,n/a,pass
rondonia,jrc_gfc2020.forest_2020,primary,1,boolean_eudr_forest_2020,0,2024-04-25T00:00:00Z,model_output,y7nnrsdpfpjw55sfbktnygl3wlqth6o27a2ot5zt63irj2u4fcxa,2571494,2571654,PASS,pass,pass,pass,pass,pass,pass,pass,pass,pass,pass,pass,pass,pass,pass,pass,pass,pass,pass,n/a,n/a
rondonia,jrc_tmf.deforestation_year,primary,0,year_of_deforestation,55,2025-06-01T00:00:00Z,model_output,qmwqx5hrdv2x67zgnrc5kkyrjijxsr2q5lycfuvi6flr2jjvadbq,2571494,2571654,PASS,pass,pass,pass,pass,pass,pass,pass,pass,pass,pass,pass,pass,pass,pass,pass,pass,pass,pass,n/a,n/a
rondonia,esa_cci_biomass.agb_t_per_ha_2022,primary,195.0,t_per_ha,52,2025-03-01T00:00:00Z,model_output,wacnge5ydniydxr4zsfnlrtsvwmwupnpwyytywxxj6s6mm4rxyma,2571507,2571654,PASS,pass,pass,pass,pass,pass,pass,pass,pass,pass,pass,pass,pass,pass,pass,pass,pass,pass,pass,n/a,n/a
rondonia,hansen.loss_year,primary,0,year_of_loss,55,2025-04-01T00:00:00Z,model_output,a6macpsgaicvwa3h2cgu5og5v3o7bxn4uoaw4oqmliepqydghcwa,2571499,2571654,PASS,pass,pass,pass,pass,pass,pass,pass,pass,pass,pass,pass,pass,pass,pass,pass,pass,pass,pass,n/a,n/a
rondonia,hansen.tree_cover_2000,primary,89,percent_canopy_cover,55,2025-04-01T00:00:00Z,model_output,wmf2hxuq55hoedek6wktqqxcla56ousy3d4swd5wf3rixq4xevbq,2571501,2571654,PASS,pass,pass,pass,pass,pass,pass,pass,pass,pass,pass,pass,pass,pass,pass,pass,pass,pass,pass,n/a,n/a
rondonia,indices.ndvi,primary,0.7866588304437261,,20724,2026-09-28T14:28:01.024000Z,deterministic_index,mc6lbth2ib6zqp2rnddhiynfhu2nubs42isvmilm57m276kga2pa,2571506,2571654,PASS,pass,pass,pass,pass,pass,pass,pass,pass,pass,pass,pass,pass,pass,pass,pass,pass,pass,pass,n/a,pass
rondonia,jrc_gfc2020.forest_2020,primary,1,boolean_eudr_forest_2020,0,2024-04-25T00:00:00Z,model_output,5l33xj5yyqp2brqjy7lhscomthb56uetlzqg3v3xocvbj4ho7mxq,2571504,2571654,PASS,pass,pass,pass,pass,pass,pass,pass,pass,pass,pass,pass,pass,pass,pass,pass,pass,pass,pass,n/a,n/a
rondonia,jrc_tmf.deforestation_year,primary,0,year_of_deforestation,55,2025-06-01T00:00:00Z,model_output,4l7knygsgxqqyj4gltz42afq5xg4i4hlzpyjo3u7f2yivbkuelga,2571497,2571654,PASS,pass,pass,pass,pass,pass,pass,pass,pass,pass,pass,pass,pass,pass,pass,pass,pass,pass,pass,n/a,n/a
rondonia,esa_cci_biomass.agb_t_per_ha_2022,primary,0.0,t_per_ha,52,2025-03-01T00:00:00Z,model_output,nw5goivq2nbrenpix623va33oylnp36pooqr5dkbnlsgj3ggpsmq,2571508,2571654,PASS,pass,pass,pass,pass,pass,pass,pass,pass,pass,pass,pass,pass,pass,pass,pass,pass,pass,pass,n/a,n/a
rondonia,hansen.loss_year,primary,0,year_of_loss,55,2025-04-01T00:00:00Z,model_output,knuau4ll7gshtjelnammwpgvvaf55ptgmqrekrvud4ltnkyuovda,2571500,2571654,PASS,pass,pass,pass,pass,pass,pass,pass,pass,pass,pass,pass,pass,pass,pass,pass,pass,pass,pass,n/a,n/a
rondonia,hansen.tree_cover_2000,primary,89,percent_canopy_cover,55,2025-04-01T00:00:00Z,model_output,rqlviuwmyno4snrzxwqd3vmqwjyxz2fevmhmzb3gyd2u3372iwza,2571502,2571654,PASS,pass,pass,pass,pass,pass,pass,pass,pass,pass,pass,pass,pass,pass,pass,pass,pass,pass,pass,n/a,n/a
rondonia,indices.ndvi,primary,0.551429413498379,,20724,2026-09-28T14:28:01.024000Z,deterministic_index,7uuoavx6f5siwahat5fgiaui54i4curzohabbzggf7ozpwcw4ada,2571503,2571654,PASS,pass,pass,pass,pass,pass,pass,pass,pass,pass,pass,pass,pass,pass,pass,pass,pass,pass,pass,n/a,pass
rondonia,jrc_gfc2020.forest_2020,primary,1,boolean_eudr_forest_2020,0,2024-04-25T00:00:00Z,model_output,gocyqwywegnjwiukutn6tvkzhitsc5jqmcn246wydspzondtp6eq,2571505,2571654,PASS,pass,pass,pass,pass,pass,pass,pass,pass,pass,pass,pass,pass,pass,pass,pass,pass,pass,pass,n/a,n/a
rondonia,jrc_tmf.deforestation_year,primary,2014,year_of_deforestation,55,2025-06-01T00:00:00Z,model_output,7jpolcaypc6dzlutp2547u252vx7ggztophwknqxhlbkbntnnodq,2571498,2571654,PASS,pass,pass,pass,pass,pass,pass,pass,pass,pass,pass,pass,pass,pass,pass,pass,pass,pass,pass,n/a,n/a
rondonia,esa_cci_biomass.agb_t_per_ha_2022,primary,0.0,t_per_ha,52,2025-03-01T00:00:00Z,model_output,vrc56bjtw4i23uifpy6hufcex3fno5gbdx7myvt74bj7tqxlgdza,2571510,2571654,PASS,pass,pass,pass,pass,pass,pass,pass,pass,pass,pass,pass,pass,pass,pass,pass,pass,pass,pass,n/a,n/a
rondonia,hansen.loss_year,primary,2005,year_of_loss,55,2025-04-01T00:00:00Z,model_output,bfswv7ai73kvb7idqzzyj5khn3qj62qec4bjpb5ugnyup7d6ghgq,2571509,2571654,PASS,pass,pass,pass,pass,pass,pass,pass,pass,pass,pass,pass,pass,pass,pass,pass,pass,pass,pass,n/a,n/a
rondonia,hansen.tree_cover_2000,primary,100,percent_canopy_cover,55,2025-04-01T00:00:00Z,model_output,fmbrzckqvcyqtb4tumyex7b7fdlbbw7zn542cblk2qs3wwakpnpa,2571510,2571654,PASS,pass,pass,pass,pass,pass,pass,pass,pass,pass,pass,pass,pass,pass,pass,pass,pass,pass,pass,n/a,n/a
rondonia,indices.ndvi,primary,0.3355965082444229,,20724,2026-09-28T14:28:01.024000Z,deterministic_index,w2kpqsuakrgvk2jzda6aydeckw4lmzhlhuytamld2pqflxx6dnba,2571513,2571654,PASS,pass,pass,pass,pass,pass,pass,pass,pass,pass,pass,pass,pass,pass,pass,pass,pass,pass,pass,n/a,pass
rondonia,jrc_gfc2020.forest_2020,primary,0,boolean_eudr_forest_2020,0,2024-04-25T00:00:00Z,model_output,km6kj2sioyhrjkuj2izrhiyyr7qubpsi43yqfop5xknqa65cx5ma,2571510,2571654,PASS,pass,pass,pass,pass,pass,pass,pass,pass,pass,pass,pass,pass,pass,pass,pass,pass,pass,pass,n/a,n/a
rondonia,jrc_tmf.deforestation_year,primary,2005,year_of_deforestation,55,2025-06-01T00:00:00Z,model_output,wdp67i2zcykswa7ycszovgvvi3st7ue6kzauh6oz7mk7kjx4klya,2571510,2571654,PASS,pass,pass,pass,pass,pass,pass,pass,pass,pass,pass,pass,pass,pass,pass,pass,pass,pass,pass,n/a,n/a
rondonia,esa_cci_biomass.agb_t_per_ha_2022,primary,37.0,t_per_ha,52,2025-03-01T00:00:00Z,model_output,ybbppwdp3tyjv3kkq5vrar7y5gdtuuh6t6hn7cci7mklydqbmg4q,2571511,2571654,PASS,pass,pass,pass,pass,pass,pass,pass,pass,pass,pass,pass,pass,pass,pass,pass,pass,pass,pass,n/a,n/a
rondonia,hansen.loss_year,primary,2002,year_of_loss,55,2025-04-01T00:00:00Z,model_output,wdox5xhmiyycbswepfuow245vq2mlgkz4w4mbkqvqniqggrqnycq,2571511,2571654,PASS,pass,pass,pass,pass,pass,pass,pass,pass,pass,pass,pass,pass,pass,pass,pass,pass,pass,pass,n/a,n/a
rondonia,hansen.tree_cover_2000,primary,94,percent_canopy_cover,55,2025-04-01T00:00:00Z,model_output,7wjzbfhyo5c5av2so3xlopdqslyzna4w6dxk3fxlgvdhqicdi4wq,2571511,2571654,PASS,pass,pass,pass,pass,pass,pass,pass,pass,pass,pass,pass,pass,pass,pass,pass,pass,pass,pass,n/a,n/a
rondonia,indices.ndvi,primary,0.307498741821842,,20724,2026-09-28T14:28:01.024000Z,deterministic_index,tjgky3yrifqv7ia3eiz3bb4jqarkfvkily3rgzc3irlb4a4meepa,2571512,2571654,PASS,pass,pass,pass,pass,pass,pass,pass,pass,pass,pass,pass,pass,pass,pass,pass,pass,pass,pass,n/a,pass
rondonia,jrc_gfc2020.forest_2020,primary,0,boolean_eudr_forest_2020,0,2024-04-25T00:00:00Z,model_output,m43suphldxmbbpz6gwu4rm2szaecelrbpw43bdswo7fvkb422jda,2571511,2571654,PASS,pass,pass,pass,pass,pass,pass,pass,pass,pass,pass,pass,pass,pass,pass,pass,pass,pass,pass,n/a,n/a
rondonia,jrc_tmf.deforestation_year,primary,2000,year_of_deforestation,55,2025-06-01T00:00:00Z,model_output,cfqnt7vtpyzdv5nararmsu7vlk5xec3cdafmsfmr73ll7xqk2oza,2571511,2571654,PASS,pass,pass,pass,pass,pass,pass,pass,pass,pass,pass,pass,pass,pass,pass,pass,pass,pass,pass,n/a,n/a
rondonia,esa_cci_biomass.agb_t_per_ha_2022,primary,242.0,t_per_ha,52,2025-03-01T00:00:00Z,model_output,zg4y3i5jkad6z4wvewehr5hsvsdb22stsboqqasyl2mksct6ljpq,2571515,2571654,PASS,pass,pass,pass,pass,pass,pass,pass,pass,pass,pass,pass,pass,pass,pass,pass,pass,pass,pass,n/a,n/a
rondonia,hansen.loss_year,primary,0,year_of_loss,55,2025-04-01T00:00:00Z,model_output,zmsfuvgecw4ll5e2yg5nizofceqgnub6mudlruuxwxyzsaupxfya,2571514,2571654,PASS,pass,pass,pass,pass,pass,pass,pass,pass,pass,pass,pass,pass,pass,pass,pass,pass,pass,pass,n/a,n/a
rondonia,hansen.tree_cover_2000,primary,100,percent_canopy_cover,55,2025-04-01T00:00:00Z,model_output,khf6squ56donqj7unl55mnwvyyxjtu4rwtkwrmciou2zjullqwpq,2571515,2571654,PASS,pass,pass,pass,pass,pass,pass,pass,pass,pass,pass,pass,pass,pass,pass,pass,pass,pass,pass,n/a,n/a
rondonia,indices.ndvi,primary,0.5363471971066907,,20724,2026-09-28T14:28:01.024000Z,deterministic_index,jw62hfca4joeaulz2ho7ermpq24intayrrks7vtkhso2lffbqoha,2571517,2571654,PASS,pass,pass,pass,pass,pass,pass,pass,pass,pass,pass,pass,pass,pass,pass,pass,pass,pass,pass,n/a,pass
rondonia,jrc_gfc2020.forest_2020,primary,1,boolean_eudr_forest_2020,0,2024-04-25T00:00:00Z,model_output,r5zhps3xfsrcxxmkrzdz3433ymaob2znlzfealuykjwbhddzfzaq,2571515,2571654,PASS,pass,pass,pass,pass,pass,pass,pass,pass,pass,pass,pass,pass,pass,pass,pass,pass,pass,pass,n/a,n/a
rondonia,jrc_tmf.deforestation_year,primary,0,year_of_deforestation,55,2025-06-01T00:00:00Z,model_output,nvw5bdthbmeleyeuroyclvi66g44qvipcpce7637lvbrfkfcziwq,2571515,2571654,PASS,pass,pass,pass,pass,pass,pass,pass,pass,pass,pass,pass,pass,pass,pass,pass,pass,pass,pass,n/a,n/a
rondonia,esa_cci_biomass.agb_t_per_ha_2022,primary,291.0,t_per_ha,52,2025-03-01T00:00:00Z,model_output,4iaqz4meaxllmmbqckrmuvevlfrk3scwnfoi42xag24iqme24stq,2571516,2571654,PASS,pass,pass,pass,pass,pass,pass,pass,pass,pass,pass,pass,pass,pass,pass,pass,pass,pass,pass,n/a,n/a
rondonia,hansen.loss_year,primary,0,year_of_loss,55,2025-04-01T00:00:00Z,model_output,s7gdnidt3cf3p2hbzh3hsaf2amqhlw2nwnjcbxqmewkzzvgj4wda,2571516,2571654,PASS,pass,pass,pass,pass,pass,pass,pass,pass,pass,pass,pass,pass,pass,pass,pass,pass,pass,pass,n/a,n/a
rondonia,hansen.tree_cover_2000,primary,95,percent_canopy_cover,55,2025-04-01T00:00:00Z,model_output,j5osvjtzvitw2g4qlw23cqz6jnf5n5dtrbnn2eed6rgbc7utvnta,2571516,2571654,PASS,pass,pass,pass,pass,pass,pass,pass,pass,pass,pass,pass,pass,pass,pass,pass,pass,pass,pass,n/a,n/a
rondonia,indices.ndvi,primary,0.7965846308387746,,20724,2026-09-28T14:28:01.024000Z,deterministic_index,3p2k3z6crnwsxj3oqgp5b7c4rhkifcy3wpsqjlj4tq4lhvpbenzq,2571518,2571654,PASS,pass,pass,pass,pass,pass,pass,pass,pass,pass,pass,pass,pass,pass,pass,pass,pass,pass,pass,n/a,pass
rondonia,jrc_gfc2020.forest_2020,primary,1,boolean_eudr_forest_2020,0,2024-04-25T00:00:00Z,model_output,mbiqwr76cjgluy2dydipwehziwuy7yxt3onq6xql2ngscsbq6gxa,2571516,2571654,PASS,pass,pass,pass,pass,pass,pass,pass,pass,pass,pass,pass,pass,pass,pass,pass,pass,pass,pass,n/a,n/a
rondonia,jrc_tmf.deforestation_year,primary,0,year_of_deforestation,55,2025-06-01T00:00:00Z,model_output,g44yrfw7qbgxvwbe3vmjnlwfsl5pgp35tmilpaz5d7scwdabfq2q,2571516,2571654,PASS,pass,pass,pass,pass,pass,pass,pass,pass,pass,pass,pass,pass,pass,pass,pass,pass,pass,pass,n/a,n/a
rondonia,esa_cci_biomass.agb_t_per_ha_2022,primary,76.0,t_per_ha,52,2025-03-01T00:00:00Z,model_output,npilod6yilhitiphnhjsiism3syu5b4m2dmcjxb2bh6w7sw4y6pa,2571520,2571654,PASS,pass,pass,pass,pass,pass,pass,pass,pass,pass,pass,pass,pass,pass,pass,pass,pass,pass,pass,n/a,n/a
rondonia,hansen.loss_year,primary,2011,year_of_loss,55,2025-04-01T00:00:00Z,model_output,n427537pgse5namingpeosnx2g4n4tpwwovpkojtbftxhhwgijqa,2571520,2571654,PASS,pass,pass,pass,pass,pass,pass,pass,pass,pass,pass,pass,pass,pass,pass,pass,pass,pass,pass,n/a,n/a
rondonia,hansen.tree_cover_2000,primary,98,percent_canopy_cover,55,2025-04-01T00:00:00Z,model_output,pwrui2gbixsnejmfr2e2tgipvnei3pzui4ty4sswpbdepq6og2ea,2571520,2571654,PASS,pass,pass,pass,pass,pass,pass,pass,pass,pass,pass,pass,pass,pass,pass,pass,pass,pass,pass,n/a,n/a
rondonia,indices.ndvi,primary,0.4261941448382127,,20724,2026-09-28T14:28:01.024000Z,deterministic_index,hrodl3qgm5g2evfrww7afnjrxszjrrny2acfizb3lsmgblym3fra,2571522,2571654,PASS,pass,pass,pass,pass,pass,pass,pass,pass,pass,pass,pass,pass,pass,pass,pass,pass,pass,pass,n/a,pass
rondonia,jrc_gfc2020.forest_2020,primary,0,boolean_eudr_forest_2020,0,2024-04-25T00:00:00Z,model_output,d22pile3ww7r72v7f75si2b7pwi6ppyifege3tumj6gatvvceuha,2571520,2571654,PASS,pass,pass,pass,pass,pass,pass,pass,pass,pass,pass,pass,pass,pass,pass,pass,pass,pass,pass,n/a,n/a
rondonia,jrc_tmf.deforestation_year,primary,2011,year_of_deforestation,55,2025-06-01T00:00:00Z,model_output,5f37foomuo4feks4xgaw4q75ltptxrrtgcjx4xaslyk4j27jblea,2571520,2571654,PASS,pass,pass,pass,pass,pass,pass,pass,pass,pass,pass,pass,pass,pass,pass,pass,pass,pass,pass,n/a,n/a
rondonia,esa_cci_biomass.agb_t_per_ha_2022,primary,41.0,t_per_ha,52,2025-03-01T00:00:00Z,model_output,z7xe5dvxgzxwdmvrblsz4ygcnoxox454z7kls7flj3aiwjikdcpq,2571520,2571654,PASS,pass,pass,pass,pass,pass,pass,pass,pass,pass,pass,pass,pass,pass,pass,pass,pass,pass,pass,n/a,n/a
rondonia,hansen.loss_year,primary,2015,year_of_loss,55,2025-04-01T00:00:00Z,model_output,q3nxl3abq7242ir4ylpvnyfxxetmyqed37limo2hzmwjnrnz5goa,2571519,2571654,PASS,pass,pass,pass,pass,pass,pass,pass,pass,pass,pass,pass,pass,pass,pass,pass,pass,pass,pass,n/a,n/a
rondonia,hansen.tree_cover_2000,primary,65,percent_canopy_cover,55,2025-04-01T00:00:00Z,model_output,jbjlmttdm5722pxu6dj2apgtfwl3mbsrgcr3rb5rdhjiodulbdcq,2571520,2571654,PASS,pass,pass,pass,pass,pass,pass,pass,pass,pass,pass,pass,pass,pass,pass,pass,pass,pass,pass,n/a,n/a
rondonia,indices.ndvi,primary,0.4901185770750988,,20724,2026-09-28T14:28:01.024000Z,deterministic_index,7su27tgq3ilnra75i5jp5i5pss3gai47znar346i2sdq6s4xouiq,2571521,2571654,PASS,pass,pass,pass,pass,pass,pass,pass,pass,pass,pass,pass,pass,pass,pass,pass,pass,pass,pass,n/a,pass
rondonia,jrc_gfc2020.forest_2020,primary,0,boolean_eudr_forest_2020,0,2024-04-25T00:00:00Z,model_output,xjb6h4l7q2dxdnkveqbhej666a6iemqaphdvi6ovl2cvssyivnbq,2571520,2571654,PASS,pass,pass,pass,pass,pass,pass,pass,pass,pass,pass,pass,pass,pass,pass,pass,pass,pass,pass,n/a,n/a
rondonia,jrc_tmf.deforestation_year,primary,2015,year_of_deforestation,55,2025-06-01T00:00:00Z,model_output,rombn6plvdj3l7nf4nvpeqk42yohwwrxbtzj4dzjltlblbcoyhqa,2571520,2571654,PASS,pass,pass,pass,pass,pass,pass,pass,pass,pass,pass,pass,pass,pass,pass,pass,pass,pass,pass,n/a,n/a
rondonia,esa_cci_biomass.agb_t_per_ha_2022,primary,112.0,t_per_ha,52,2025-03-01T00:00:00Z,model_output,ksah6gizcpae3sac45zvdfqowv2szurr6qwtyjq6dvwxaq4axezq,2571524,2571654,PASS,pass,pass,pass,pass,pass,pass,pass,pass,pass,pass,pass,pass,pass,pass,pass,pass,pass,pass,n/a,n/a
rondonia,hansen.loss_year,primary,0,year_of_loss,55,2025-04-01T00:00:00Z,model_output,3fgewqpo46ghk2v7l467ayxmlfluvnnzvwpskx36rqjnvvgtqy6a,2571523,2571654,PASS,pass,pass,pass,pass,pass,pass,pass,pass,pass,pass,pass,pass,pass,pass,pass,pass,pass,pass,n/a,n/a
rondonia,hansen.tree_cover_2000,primary,0,percent_canopy_cover,55,2025-04-01T00:00:00Z,model_output,uiodopteiwmom4yjfcvup7sfr3s2uvdte3pyzniokt5bqb53ddya,2571524,2571654,PASS,pass,pass,pass,pass,pass,pass,pass,pass,pass,pass,pass,pass,pass,pass,pass,pass,pass,pass,n/a,n/a
rondonia,indices.ndvi,primary,0.5664632528522154,,20717,2026-09-21T14:27:09.024000Z,deterministic_index,i73cdiaer7mdttxql67lt5wr76gukr4kwryooeqkjiggg7knegjq,2571525,2571654,PASS,pass,pass,pass,pass,pass,pass,pass,pass,pass,pass,pass,pass,pass,pass,pass,pass,pass,pass,n/a,pass
rondonia,jrc_gfc2020.forest_2020,primary,0,boolean_eudr_forest_2020,0,2024-04-25T00:00:00Z,model_output,rt5hxa4mkz773kfyj6lo33hewtxyc6ewbeqf43wc24lyz6zrck6a,2571524,2571654,PASS,pass,pass,pass,pass,pass,pass,pass,pass,pass,pass,pass,pass,pass,pass,pass,pass,pass,pass,n/a,n/a
rondonia,jrc_tmf.deforestation_year,primary,1996,year_of_deforestation,55,2025-06-01T00:00:00Z,model_output,jjfvvaigdtqngcy6flx24i5xtybataeqw462mfpbaslzkewj3xka,2571524,2571654,PASS,pass,pass,pass,pass,pass,pass,pass,pass,pass,pass,pass,pass,pass,pass,pass,pass,pass,pass,n/a,n/a
rondonia,esa_cci_biomass.agb_t_per_ha_2022,primary,25.0,t_per_ha,52,2025-03-01T00:00:00Z,model_output,xa27of5vcnifp7yhc6tm335z37ufs6bmjrryogfflzux4cejnala,2571524,2571654,PASS,pass,pass,pass,pass,pass,pass,pass,pass,pass,pass,pass,pass,pass,pass,pass,pass,pass,pass,n/a,n/a
rondonia,hansen.loss_year,primary,2016,year_of_loss,55,2025-04-01T00:00:00Z,model_output,lvctugeue7zfef2k2kwedt5cd7cpf6qe4rzpftdcze3dvly7cjiq,2571524,2571654,PASS,pass,pass,pass,pass,pass,pass,pass,pass,pass,pass,pass,pass,pass,pass,pass,pass,pass,pass,n/a,n/a
rondonia,hansen.tree_cover_2000,primary,89,percent_canopy_cover,55,2025-04-01T00:00:00Z,model_output,wjhqgo3v6sy5o32jztmzwwmcjmc3q2trpv2ptmecalekpaqxaj2a,2571524,2571654,PASS,pass,pass,pass,pass,pass,pass,pass,pass,pass,pass,pass,pass,pass,pass,pass,pass,pass,pass,n/a,n/a
rondonia,indices.ndvi,primary,0.3683187560738581,,20717,2026-09-21T14:27:09.024000Z,deterministic_index,inlf3geolzvxkcyrbmfrxfvqf7lsxnn3l2k2kkoqhtpryrxcsipq,2571526,2571654,PASS,pass,pass,pass,pass,pass,pass,pass,pass,pass,pass,pass,pass,pass,pass,pass,pass,pass,pass,n/a,pass
rondonia,jrc_gfc2020.forest_2020,primary,0,boolean_eudr_forest_2020,0,2024-04-25T00:00:00Z,model_output,dxbjohvk5azpvzcebz6s7g6kthoxrr4yz22ms6ddl3uynj44bowa,2571524,2571654,PASS,pass,pass,pass,pass,pass,pass,pass,pass,pass,pass,pass,pass,pass,pass,pass,pass,pass,pass,n/a,n/a
rondonia,jrc_tmf.deforestation_year,primary,2016,year_of_deforestation,55,2025-06-01T00:00:00Z,model_output,r46s2hhubkhkmjjxc2b22ht6pkopfknnsqgzfro4k3jkmzykwyqa,2571524,2571654,PASS,pass,pass,pass,pass,pass,pass,pass,pass,pass,pass,pass,pass,pass,pass,pass,pass,pass,pass,n/a,n/a
rondonia,esa_cci_biomass.agb_t_per_ha_2022,primary,0.0,t_per_ha,52,2025-03-01T00:00:00Z,model_output,cdmvqsn6gbjcmx6ytpfuk33wnb472ihjvtppxabuqy6nn4mk7ccq,2571535,2571654,PASS,pass,pass,pass,pass,pass,pass,pass,pass,pass,pass,pass,pass,pass,pass,pass,pass,pass,pass,n/a,n/a
rondonia,hansen.loss_year,primary,2010,year_of_loss,55,2025-04-01T00:00:00Z,model_output,qplyxp6mabr4ukuiwknnlrmuzpzcoyuvbmqpuuhx7cbc3zl5baoa,2571531,2571654,PASS,pass,pass,pass,pass,pass,pass,pass,pass,pass,pass,pass,pass,pass,pass,pass,pass,pass,pass,n/a,n/a
rondonia,hansen.tree_cover_2000,primary,100,percent_canopy_cover,55,2025-04-01T00:00:00Z,model_output,jhrqvkq44aoaez2uon2eoxqc7rbnxwbzb3rr6sfzrooa34jsqbga,2571529,2571654,PASS,pass,pass,pass,pass,pass,pass,pass,pass,pass,pass,pass,pass,pass,pass,pass,pass,pass,pass,n/a,n/a
rondonia,indices.ndvi,primary,0.41376990356582194,,20717,2026-09-21T14:27:09.024000Z,deterministic_index,io7me2uoxqwlnbhj7x2wk3trgyywurov54ly7gl36ljof464wkyq,2571537,2571654,PASS,pass,pass,pass,pass,pass,pass,pass,pass,pass,pass,pass,pass,pass,pass,pass,pass,pass,pass,n/a,pass
rondonia,jrc_gfc2020.forest_2020,primary,0,boolean_eudr_forest_2020,0,2024-04-25T00:00:00Z,model_output,yv3fczehkjvrf25ihi7cl566lds5625q4jby4i36ybkmls6daxtq,2571534,2571654,PASS,pass,pass,pass,pass,pass,pass,pass,pass,pass,pass,pass,pass,pass,pass,pass,pass,pass,pass,n/a,n/a
rondonia,jrc_tmf.deforestation_year,primary,2007,year_of_deforestation,55,2025-06-01T00:00:00Z,model_output,jsyp7ksgyywatqtapvzit4aytwwun6j4i5byntzv5rog7j43a5va,2571527,2571654,PASS,pass,pass,pass,pass,pass,pass,pass,pass,pass,pass,pass,pass,pass,pass,pass,pass,pass,pass,n/a,n/a
rondonia,esa_cci_biomass.agb_t_per_ha_2022,primary,0.0,t_per_ha,52,2025-03-01T00:00:00Z,model_output,if26qxphhei5s7khgcaqjev424f44ralnb5u3avrzxprtdee25sq,2571536,2571654,PASS,pass,pass,pass,pass,pass,pass,pass,pass,pass,pass,pass,pass,pass,pass,pass,pass,pass,pass,n/a,n/a
rondonia,hansen.loss_year,primary,2005,year_of_loss,55,2025-04-01T00:00:00Z,model_output,bksloehpgkeud2yrz44i3y6hpeou5iod4nctprqzvaisb4fdwvka,2571532,2571654,PASS,pass,pass,pass,pass,pass,pass,pass,pass,pass,pass,pass,pass,pass,pass,pass,pass,pass,pass,n/a,n/a
rondonia,hansen.tree_cover_2000,primary,89,percent_canopy_cover,55,2025-04-01T00:00:00Z,model_output,umozb52xkltdmhgjah7dbbju4dg3jvnpijxcl5imig6b4t2nx3sa,2571530,2571654,PASS,pass,pass,pass,pass,pass,pass,pass,pass,pass,pass,pass,pass,pass,pass,pass,pass,pass,pass,n/a,n/a
rondonia,indices.ndvi,primary,0.2988338192419825,,20724,2026-09-28T14:28:01.024000Z,deterministic_index,g253wuvn7ujt47sghpb4nepmfq7zvajznyrzm7hcbuvq4vsetr7q,2571533,2571654,PASS,pass,pass,pass,pass,pass,pass,pass,pass,pass,pass,pass,pass,pass,pass,pass,pass,pass,pass,n/a,pass
rondonia,jrc_gfc2020.forest_2020,primary,0,boolean_eudr_forest_2020,0,2024-04-25T00:00:00Z,model_output,ca6pfqxl6bujaolvgmhfiwsuxtr2u4c6vv2f3netomsehrcpkaca,2571534,2571654,PASS,pass,pass,pass,pass,pass,pass,pass,pass,pass,pass,pass,pass,pass,pass,pass,pass,pass,pass,n/a,n/a
rondonia,jrc_tmf.deforestation_year,primary,2001,year_of_deforestation,55,2025-06-01T00:00:00Z,model_output,isvgvltmvlgz3uwwfmqugauukmbyyat7drgxiqy6aaag2iadwnrq,2571528,2571654,PASS,pass,pass,pass,pass,pass,pass,pass,pass,pass,pass,pass,pass,pass,pass,pass,pass,pass,pass,n/a,n/a
rondonia,esa_cci_biomass.agb_t_per_ha_2022,primary,0.0,t_per_ha,52,2025-03-01T00:00:00Z,model_output,t7mgalco7xknuszqermmjgh4tbafm3iq3o5y26gzeruvqby4kvia,2571539,2571654,PASS,pass,pass,pass,pass,pass,pass,pass,pass,pass,pass,pass,pass,pass,pass,pass,pass,pass,pass,n/a,n/a
rondonia,hansen.loss_year,primary,2002,year_of_loss,55,2025-04-01T00:00:00Z,model_output,nksyeajox6rc3fclfdgdfdxmwcnnfzvo6v57ryktnpia5lccekpq,2571538,2571654,PASS,pass,pass,pass,pass,pass,pass,pass,pass,pass,pass,pass,pass,pass,pass,pass,pass,pass,pass,n/a,n/a
rondonia,hansen.tree_cover_2000,primary,97,percent_canopy_cover,55,2025-04-01T00:00:00Z,model_output,blri4o3kbfsu343kumlcyxmz3gfojft5b7yrfcbevpuamvaqb6xq,2571539,2571654,PASS,pass,pass,pass,pass,pass,pass,pass,pass,pass,pass,pass,pass,pass,pass,pass,pass,pass,pass,n/a,n/a
rondonia,indices.ndvi,primary,0.24939965694682673,,20724,2026-09-28T14:28:01.024000Z,deterministic_index,2n2y2ybigciobhjks7b6fagrqas3jfapwjv35wd26mwc74wwhrxa,2571541,2571654,PASS,pass,pass,pass,pass,pass,pass,pass,pass,pass,pass,pass,pass,pass,pass,pass,pass,pass,pass,n/a,pass
rondonia,jrc_gfc2020.forest_2020,primary,0,boolean_eudr_forest_2020,0,2024-04-25T00:00:00Z,model_output,iit6vml64euvmotc75gfecj2b5yuy7ztz4xxmiymm2kxk6xp3fga,2571539,2571654,PASS,pass,pass,pass,pass,pass,pass,pass,pass,pass,pass,pass,pass,pass,pass,pass,pass,pass,pass,n/a,n/a
rondonia,jrc_tmf.deforestation_year,primary,2002,year_of_deforestation,55,2025-06-01T00:00:00Z,model_output,vol64wmn2q5ckgaplmfzegmi5tzynymksbfhvrzc4otj7xbq7obq,2571539,2571654,PASS,pass,pass,pass,pass,pass,pass,pass,pass,pass,pass,pass,pass,pass,pass,pass,pass,pass,pass,n/a,n/a
rondonia,esa_cci_biomass.agb_t_per_ha_2022,primary,0.0,t_per_ha,52,2025-03-01T00:00:00Z,model_output,wd7u2v5fnatshounxx3pswoyygzwvz42sqo3dgecsqanyf2r3v7a,2571539,2571654,PASS,pass,pass,pass,pass,pass,pass,pass,pass,pass,pass,pass,pass,pass,pass,pass,pass,pass,pass,n/a,n/a
rondonia,hansen.loss_year,primary,0,year_of_loss,55,2025-04-01T00:00:00Z,model_output,ettw5njk76z7m24xu3iakcoz2prb43yr2nuudvkhccfoufebnvza,2571539,2571654,PASS,pass,pass,pass,pass,pass,pass,pass,pass,pass,pass,pass,pass,pass,pass,pass,pass,pass,pass,n/a,n/a
rondonia,hansen.tree_cover_2000,primary,97,percent_canopy_cover,55,2025-04-01T00:00:00Z,model_output,lnb56aidrivjpdv4vqvwgtvmmjjxujeawqe5nhpip2hy4urmajdq,2571539,2571654,PASS,pass,pass,pass,pass,pass,pass,pass,pass,pass,pass,pass,pass,pass,pass,pass,pass,pass,pass,n/a,n/a
rondonia,indices.ndvi,primary,0.34658317451674386,,20724,2026-09-28T14:28:01.024000Z,deterministic_index,gfj2spxel5tazkqgplpe35alf2xgen72tl3uxgdf3fk5dnh2itdq,2571540,2571654,PASS,pass,pass,pass,pass,pass,pass,pass,pass,pass,pass,pass,pass,pass,pass,pass,pass,pass,pass,n/a,pass
rondonia,jrc_gfc2020.forest_2020,primary,1,boolean_eudr_forest_2020,0,2024-04-25T00:00:00Z,model_output,myvbgoxb6feeburx33icakbytvj7deag2bvpxdn7rzc4ri6bbvya,2571539,2571654,PASS,pass,pass,pass,pass,pass,pass,pass,pass,pass,pass,pass,pass,pass,pass,pass,pass,pass,pass,n/a,n/a
rondonia,jrc_tmf.deforestation_year,primary,0,year_of_deforestation,55,2025-06-01T00:00:00Z,model_output,ups3vxxpipkhxhqlj35us4rvesyayg5jypgoox7rwddkunjliayq,2571539,2571654,PASS,pass,pass,pass,pass,pass,pass,pass,pass,pass,pass,pass,pass,pass,pass,pass,pass,pass,pass,n/a,n/a
rondonia,esa_cci_biomass.agb_t_per_ha_2022,primary,212.0,t_per_ha,52,2025-03-01T00:00:00Z,model_output,yicg2pzhp6qembupt55sil7wzucblzqtkm6iyeg5mrddmsq7yjma,2571544,2571654,PASS,pass,pass,pass,pass,pass,pass,pass,pass,pass,pass,pass,pass,pass,pass,pass,pass,pass,pass,n/a,n/a
rondonia,hansen.loss_year,primary,0,year_of_loss,55,2025-04-01T00:00:00Z,model_output,zjxe6nv62zvna2sh6kpr4h3lagcapachvfimfczfo7u63kgdy3xa,2571544,2571654,PASS,pass,pass,pass,pass,pass,pass,pass,pass,pass,pass,pass,pass,pass,pass,pass,pass,pass,pass,n/a,n/a
rondonia,hansen.tree_cover_2000,primary,89,percent_canopy_cover,55,2025-04-01T00:00:00Z,model_output,ddb5r56vyi2wlcpgd5leeuh6r4rcwnefhsktq6o2a3orln5cx2za,2571544,2571654,PASS,pass,pass,pass,pass,pass,pass,pass,pass,pass,pass,pass,pass,pass,pass,pass,pass,pass,pass,n/a,n/a
rondonia,indices.ndvi,primary,0.3120665742024965,,20724,2026-09-28T14:28:01.024000Z,deterministic_index,bxkau4vop2usxr3dvowkcwte46wtrci4q2al7pcksvdhalz72hwq,2571546,2571654,PASS,pass,pass,pass,pass,pass,pass,pass,pass,pass,pass,pass,pass,pass,pass,pass,pass,pass,pass,n/a,pass
rondonia,jrc_gfc2020.forest_2020,primary,1,boolean_eudr_forest_2020,0,2024-04-25T00:00:00Z,model_output,axr5jvxsswx6s6fcbefdz6adpngpwq4hd4n5t5amponhybj7esla,2571544,2571654,PASS,pass,pass,pass,pass,pass,pass,pass,pass,pass,pass,pass,pass,pass,pass,pass,pass,pass,pass,n/a,n/a
rondonia,jrc_tmf.deforestation_year,primary,1984,year_of_deforestation,55,2025-06-01T00:00:00Z,model_output,rubi22rfupooevmmbe4nzoyurdeda7rs5jelmoztwbvaf3iklwka,2571544,2571654,PASS,pass,pass,pass,pass,pass,pass,pass,pass,pass,pass,pass,pass,pass,pass,pass,pass,pass,pass,n/a,n/a
rondonia,esa_cci_biomass.agb_t_per_ha_2022,primary,0.0,t_per_ha,52,2025-03-01T00:00:00Z,model_output,ueucf3gnhd6wld3lnf5wn63fjmakafav5l3smzzsp7n2sdh23mfa,2571543,2571654,PASS,pass,pass,pass,pass,pass,pass,pass,pass,pass,pass,pass,pass,pass,pass,pass,pass,pass,pass,n/a,n/a
rondonia,hansen.loss_year,primary,2005,year_of_loss,55,2025-04-01T00:00:00Z,model_output,uwflm3z35jeiqgthwsh46lcy45hf6ggiqwsz24ktbjgkvnv5k2ka,2571542,2571654,PASS,pass,pass,pass,pass,pass,pass,pass,pass,pass,pass,pass,pass,pass,pass,pass,pass,pass,pass,n/a,n/a
rondonia,hansen.tree_cover_2000,primary,93,percent_canopy_cover,55,2025-04-01T00:00:00Z,model_output,yg6cdvehf5x6a5qr7xvsifzvcca5iaaqcfdgen2bpkaws3wzu4oq,2571543,2571654,PASS,pass,pass,pass,pass,pass,pass,pass,pass,pass,pass,pass,pass,pass,pass,pass,pass,pass,pass,n/a,n/a
rondonia,indices.ndvi,primary,0.5484018264840184,,20724,2026-09-28T14:28:01.024000Z,deterministic_index,a67mkfgjvqd4nablswu2vomtmnbiyo3cphpp7g2hkrcde5wsbw5a,2571545,2571654,PASS,pass,pass,pass,pass,pass,pass,pass,pass,pass,pass,pass,pass,pass,pass,pass,pass,pass,pass,n/a,pass
rondonia,jrc_gfc2020.forest_2020,primary,0,boolean_eudr_forest_2020,0,2024-04-25T00:00:00Z,model_output,6f6a52nvbh5aqgp6ydr753rhh2lhvupw72bbnre2wo5ddujc57fa,2571543,2571654,PASS,pass,pass,pass,pass,pass,pass,pass,pass,pass,pass,pass,pass,pass,pass,pass,pass,pass,pass,n/a,n/a
rondonia,jrc_tmf.deforestation_year,primary,1997,year_of_deforestation,55,2025-06-01T00:00:00Z,model_output,afcry7bfi3vo4imhbqflq6hdhtiuhesu4aqmv342majrb53wsqyq,2571543,2571654,PASS,pass,pass,pass,pass,pass,pass,pass,pass,pass,pass,pass,pass,pass,pass,pass,pass,pass,pass,n/a,n/a
rondonia,esa_cci_biomass.agb_t_per_ha_2022,primary,0.0,t_per_ha,52,2025-03-01T00:00:00Z,model_output,gzp47sljyv6es6govbeiqcdlikyaa36tqivqd34amscaf7i7l4lq,2571548,2571654,PASS,pass,pass,pass,pass,pass,pass,pass,pass,pass,pass,pass,pass,pass,pass,pass,pass,pass,pass,n/a,n/a
rondonia,hansen.loss_year,primary,0,year_of_loss,55,2025-04-01T00:00:00Z,model_output,7pkh3rsr6kxnvn7mmzr7b7xh5thfj6nz267e2723dgn6ervyksta,2571547,2571654,PASS,pass,pass,pass,pass,pass,pass,pass,pass,pass,pass,pass,pass,pass,pass,pass,pass,pass,pass,n/a,n/a
rondonia,hansen.tree_cover_2000,primary,26,percent_canopy_cover,55,2025-04-01T00:00:00Z,model_output,b4sh4mh3afcly6aohggpp4tknyp3hdx4ywiisubvqzmfx4js3ahq,2571548,2571654,PASS,pass,pass,pass,pass,pass,pass,pass,pass,pass,pass,pass,pass,pass,pass,pass,pass,pass,pass,n/a,n/a
rondonia,indices.ndvi,primary,0.47534357316087306,,20724,2026-09-28T14:28:01.024000Z,deterministic_index,p2lybugmw5t35kp5fihn3kkfzwqz2gtoz5hfnuqrlmgy3yyhotea,2571551,2571654,PASS,pass,pass,pass,pass,pass,pass,pass,pass,pass,pass,pass,pass,pass,pass,pass,pass,pass,pass,n/a,pass
rondonia,jrc_gfc2020.forest_2020,primary,0,boolean_eudr_forest_2020,0,2024-04-25T00:00:00Z,model_output,3jzaho4hvl5m4ozvklizcwqxjvz22eqoeld6akgkfb3om7ddxdla,2571548,2571654,PASS,pass,pass,pass,pass,pass,pass,pass,pass,pass,pass,pass,pass,pass,pass,pass,pass,pass,pass,n/a,n/a
rondonia,jrc_tmf.deforestation_year,primary,2002,year_of_deforestation,55,2025-06-01T00:00:00Z,model_output,v46vlr3zobstaiepohhbffme6cvqjx2ubduwim3wsos2kx7qkypa,2571548,2571654,PASS,pass,pass,pass,pass,pass,pass,pass,pass,pass,pass,pass,pass,pass,pass,pass,pass,pass,pass,n/a,n/a
rondonia,esa_cci_biomass.agb_t_per_ha_2022,primary,0.0,t_per_ha,52,2025-03-01T00:00:00Z,model_output,tkvpbqe5kyojfq2kgkmhxn7by4su7snr56dtrlsrli4xltimn4xa,2571550,2571654,PASS,pass,pass,pass,pass,pass,pass,pass,pass,pass,pass,pass,pass,pass,pass,pass,pass,pass,pass,n/a,n/a
rondonia,hansen.loss_year,primary,0,year_of_loss,55,2025-04-01T00:00:00Z,model_output,z644t6kfjalvjo5uin3tn5p2jwbqymst6wpxay6xj7ysxppjtota,2571549,2571654,PASS,pass,pass,pass,pass,pass,pass,pass,pass,pass,pass,pass,pass,pass,pass,pass,pass,pass,pass,n/a,n/a
rondonia,hansen.tree_cover_2000,primary,49,percent_canopy_cover,55,2025-04-01T00:00:00Z,model_output,src6yaw3a4aga7tldgglfaqm6c3pcyuftsgkl5z4nz6r2zmscdgq,2571550,2571654,PASS,pass,pass,pass,pass,pass,pass,pass,pass,pass,pass,pass,pass,pass,pass,pass,pass,pass,pass,n/a,n/a
rondonia,indices.ndvi,primary,0.35347721822541966,,20717,2026-09-21T14:27:09.024000Z,deterministic_index,eqbgcy64iej56inbyie7pdsw6jvlmuk2qf4spkf5usknowk3vjva,2571552,2571654,PASS,pass,pass,pass,pass,pass,pass,pass,pass,pass,pass,pass,pass,pass,pass,pass,pass,pass,pass,n/a,pass
rondonia,jrc_gfc2020.forest_2020,primary,0,boolean_eudr_forest_2020,0,2024-04-25T00:00:00Z,model_output,aisc3mnspscdg3jijht5joq5un5q3p2ytp46fsnmhyc2a62b7dba,2571550,2571654,PASS,pass,pass,pass,pass,pass,pass,pass,pass,pass,pass,pass,pass,pass,pass,pass,pass,pass,pass,n/a,n/a
rondonia,jrc_tmf.deforestation_year,primary,2000,year_of_deforestation,55,2025-06-01T00:00:00Z,model_output,gzyotelmfkn7xj62gq2zxp23lm55sm2sxoptwqniw2ltr6jovqea,2571549,2571654,PASS,pass,pass,pass,pass,pass,pass,pass,pass,pass,pass,pass,pass,pass,pass,pass,pass,pass,pass,n/a,n/a
rondonia,esa_cci_biomass.agb_t_per_ha_2022,primary,0.0,t_per_ha,52,2025-03-01T00:00:00Z,model_output,jyt6kr43lybf54fubtfqwfxwtgwoxi6ctjg3rrvvx7yw3lsiclsa,2571554,2571654,PASS,pass,pass,pass,pass,pass,pass,pass,pass,pass,pass,pass,pass,pass,pass,pass,pass,pass,pass,n/a,n/a
rondonia,hansen.loss_year,primary,0,year_of_loss,55,2025-04-01T00:00:00Z,model_output,6pidorrwl66kjqv4pub4ozu7gh6gjwf6wqt7fkclrk6kb5v2fidq,2571553,2571654,PASS,pass,pass,pass,pass,pass,pass,pass,pass,pass,pass,pass,pass,pass,pass,pass,pass,pass,pass,n/a,n/a
rondonia,hansen.tree_cover_2000,primary,0,percent_canopy_cover,55,2025-04-01T00:00:00Z,model_output,lptpoqb3fd4dm4nfwrmgfidfvubdvhqip4pzurjsamt44pgrc4cq,2571554,2571654,PASS,pass,pass,pass,pass,pass,pass,pass,pass,pass,pass,pass,pass,pass,pass,pass,pass,pass,pass,n/a,n/a
rondonia,indices.ndvi,primary,0.35431522006392924,,20724,2026-09-28T14:28:01.024000Z,deterministic_index,zokmbqxipnjcyx2ewc7kv26il4bu7goswsb4zdtxgbky5g5tfulq,2571557,2571654,PASS,pass,pass,pass,pass,pass,pass,pass,pass,pass,pass,pass,pass,pass,pass,pass,pass,pass,pass,n/a,pass
rondonia,jrc_gfc2020.forest_2020,primary,0,boolean_eudr_forest_2020,0,2024-04-25T00:00:00Z,model_output,vsqdi42qxmmwt464icn6amby7tkhpuv4ks5hjdqainz2csw2u6qq,2571554,2571654,PASS,pass,pass,pass,pass,pass,pass,pass,pass,pass,pass,pass,pass,pass,pass,pass,pass,pass,pass,n/a,n/a
rondonia,jrc_tmf.deforestation_year,primary,0,year_of_deforestation,55,2025-06-01T00:00:00Z,model_output,s4eamvmb2ph2va44f3gthrljw5bdlxwhp6zmrizhznqywcfyvmeq,2571554,2571654,PASS,pass,pass,pass,pass,pass,pass,pass,pass,pass,pass,pass,pass,pass,pass,pass,pass,pass,pass,n/a,n/a
rondonia,esa_cci_biomass.agb_t_per_ha_2022,primary,0.0,t_per_ha,52,2025-03-01T00:00:00Z,model_output,jkvwxg4e2mjbtdevgzhdziqg7mby465gfb3gz5wmr76q7quiwnoq,2571556,2571654,PASS,pass,pass,pass,pass,pass,pass,pass,pass,pass,pass,pass,pass,pass,pass,pass,pass,pass,pass,n/a,n/a
rondonia,hansen.loss_year,primary,2015,year_of_loss,55,2025-04-01T00:00:00Z,model_output,rhta5h6rtcqxygv7c34bvdnp4h6zq2ieikqpazfeptopuja5oirq,2571556,2571654,PASS,pass,pass,pass,pass,pass,pass,pass,pass,pass,pass,pass,pass,pass,pass,pass,pass,pass,pass,n/a,n/a
rondonia,hansen.tree_cover_2000,primary,100,percent_canopy_cover,55,2025-04-01T00:00:00Z,model_output,y4sdgu4mi5utfuvapuhu3jshjclxsxtp5dptcgtvll67lx53hgja,2571555,2571654,PASS,pass,pass,pass,pass,pass,pass,pass,pass,pass,pass,pass,pass,pass,pass,pass,pass,pass,pass,n/a,n/a
rondonia,indices.ndvi,primary,0.5483365949119374,,20724,2026-09-28T14:28:01.024000Z,deterministic_index,4hhy33ny2x5wzd6qamveqfj7w5wmeixhtghyfangjnae42v77j7a,2571558,2571654,PASS,pass,pass,pass,pass,pass,pass,pass,pass,pass,pass,pass,pass,pass,pass,pass,pass,pass,pass,n/a,pass
rondonia,jrc_gfc2020.forest_2020,primary,0,boolean_eudr_forest_2020,0,2024-04-25T00:00:00Z,model_output,wh6xdo2x2ddxjcj6ygqoe6pcxu74zpmy46i3lcn37nlfxyprn5fa,2571556,2571654,PASS,pass,pass,pass,pass,pass,pass,pass,pass,pass,pass,pass,pass,pass,pass,pass,pass,pass,pass,n/a,n/a
rondonia,jrc_tmf.deforestation_year,primary,2015,year_of_deforestation,55,2025-06-01T00:00:00Z,model_output,jd4ab7cbm5cma3pd7cq6wtpcsydebhwbnwxcopd3psrdguq2k3dq,2571556,2571654,PASS,pass,pass,pass,pass,pass,pass,pass,pass,pass,pass,pass,pass,pass,pass,pass,pass,pass,pass,n/a,n/a
rondonia,esa_cci_biomass.agb_t_per_ha_2022,primary,0.0,t_per_ha,52,2025-03-01T00:00:00Z,model_output,aczapwu4p7w7ce3hcyhuv3gwuhassili3bf4tv3udav4z64b2ypa,2571566,2571654,PASS,pass,pass,pass,pass,pass,pass,pass,pass,pass,pass,pass,pass,pass,pass,pass,pass,pass,pass,n/a,n/a
rondonia,hansen.loss_year,primary,0,year_of_loss,55,2025-04-01T00:00:00Z,model_output,3wuciemtzfpabdt3kudazfuyehwognv6macbdgtpr53e6s4s4lxq,2571560,2571654,PASS,pass,pass,pass,pass,pass,pass,pass,pass,pass,pass,pass,pass,pass,pass,pass,pass,pass,pass,n/a,n/a
rondonia,hansen.tree_cover_2000,primary,0,percent_canopy_cover,55,2025-04-01T00:00:00Z,model_output,prmo3djcmckw5f6txbpdwuba4o6qeoq552tqxculawhr45x4gsrq,2571561,2571654,PASS,pass,pass,pass,pass,pass,pass,pass,pass,pass,pass,pass,pass,pass,pass,pass,pass,pass,pass,n/a,n/a
rondonia,indices.ndvi,primary,0.36750272628135217,,20717,2026-09-21T14:27:09.024000Z,deterministic_index,zoc7g2uldvzbyj4asbdslp2ifaeuscr6si2ns4726533pgnowpyq,2571568,2571654,PASS,pass,pass,pass,pass,pass,pass,pass,pass,pass,pass,pass,pass,pass,pass,pass,pass,pass,pass,n/a,pass
rondonia,jrc_gfc2020.forest_2020,primary,0,boolean_eudr_forest_2020,0,2024-04-25T00:00:00Z,model_output,et2ffhilkr4xurscyjeggbj2a3i2by4wtq4dqdwgfjik5cy6ffca,2571564,2571654,PASS,pass,pass,pass,pass,pass,pass,pass,pass,pass,pass,pass,pass,pass,pass,pass,pass,pass,pass,n/a,n/a
rondonia,jrc_tmf.deforestation_year,primary,0,year_of_deforestation,55,2025-06-01T00:00:00Z,model_output,6odyskw43ikp3nkwq5b5pjl3sojo5pfwqbeshso26dxr62ag6zra,2571559,2571654,PASS,pass,pass,pass,pass,pass,pass,pass,pass,pass,pass,pass,pass,pass,pass,pass,pass,pass,pass,n/a,n/a
rondonia,esa_cci_biomass.agb_t_per_ha_2022,primary,0.0,t_per_ha,52,2025-03-01T00:00:00Z,model_output,a3qw2wogjj7n3cau5idyjeusjd2ekdhnh6e46ybb4urrbe3saqfq,2571567,2571654,PASS,pass,pass,pass,pass,pass,pass,pass,pass,pass,pass,pass,pass,pass,pass,pass,pass,pass,pass,n/a,n/a
rondonia,hansen.loss_year,primary,0,year_of_loss,55,2025-04-01T00:00:00Z,model_output,yv3pmulfc66caem2d4gwpvj5pcijngiudqdvpssx2lo2ypnpospq,2571562,2571654,PASS,pass,pass,pass,pass,pass,pass,pass,pass,pass,pass,pass,pass,pass,pass,pass,pass,pass,pass,n/a,n/a
rondonia,hansen.tree_cover_2000,primary,0,percent_canopy_cover,55,2025-04-01T00:00:00Z,model_output,5p3d6eth4bof3mg2bkj7chx627yzzzri5c6ofsjtdxad3pzm2hnq,2571563,2571654,PASS,pass,pass,pass,pass,pass,pass,pass,pass,pass,pass,pass,pass,pass,pass,pass,pass,pass,pass,n/a,n/a
rondonia,indices.ndvi,primary,0.1688009313154831,,20717,2026-09-21T14:27:09.024000Z,deterministic_index,dooxwkl6lzav2lqvjw7ncxeu2ekbnzlaj7c4d5yyxf5wllcyvhqa,2571569,2571654,PASS,pass,pass,pass,pass,pass,pass,pass,pass,pass,pass,pass,pass,pass,pass,pass,pass,pass,pass,n/a,pass
rondonia,jrc_gfc2020.forest_2020,primary,0,boolean_eudr_forest_2020,0,2024-04-25T00:00:00Z,model_output,grcroj62hxdvizkjr4ntgd3rcnk2cip23rykwirkb4t7fx4t3sga,2571565,2571654,PASS,pass,pass,pass,pass,pass,pass,pass,pass,pass,pass,pass,pass,pass,pass,pass,pass,pass,pass,n/a,n/a
rondonia,jrc_tmf.deforestation_year,primary,0,year_of_deforestation,55,2025-06-01T00:00:00Z,model_output,qmkpf2fizmwr6i47qcku6qmhidqxkh2kwj5ffezzi2q42nspi54q,2571563,2571654,PASS,pass,pass,pass,pass,pass,pass,pass,pass,pass,pass,pass,pass,pass,pass,pass,pass,pass,pass,n/a,n/a
rondonia,esa_cci_biomass.agb_t_per_ha_2022,primary,0.0,t_per_ha,52,2025-03-01T00:00:00Z,model_output,bpb2eztfshod2qs6jsqyvby5irggbeianrybprcpnoqf62wyqz5a,2571571,2571654,PASS,pass,pass,pass,pass,pass,pass,pass,pass,pass,pass,pass,pass,pass,pass,pass,pass,pass,pass,n/a,n/a
rondonia,hansen.loss_year,primary,0,year_of_loss,55,2025-04-01T00:00:00Z,model_output,gta2xpufwlhqcjimn6uswk7hel5fb276p5tpkwgzxvnamhb5dhda,2571571,2571654,PASS,pass,pass,pass,pass,pass,pass,pass,pass,pass,pass,pass,pass,pass,pass,pass,pass,pass,pass,n/a,n/a
rondonia,hansen.tree_cover_2000,primary,0,percent_canopy_cover,55,2025-04-01T00:00:00Z,model_output,tb3dkvmov62ehxrbdkv4ervp7nmwlucjxpi6gjxemuyf5uwtigua,2571570,2571654,PASS,pass,pass,pass,pass,pass,pass,pass,pass,pass,pass,pass,pass,pass,pass,pass,pass,pass,pass,n/a,n/a
rondonia,indices.ndvi,primary,0.4462093862815884,,20717,2026-09-21T14:27:09.024000Z,deterministic_index,tdsxm4lnkiwh75adnkqfssy6me62jeiqpdyvk5udrp5d4jwmivqq,2571574,2571654,PASS,pass,pass,pass,pass,pass,pass,pass,pass,pass,pass,pass,pass,pass,pass,pass,pass,pass,pass,n/a,pass
rondonia,jrc_gfc2020.forest_2020,primary,0,boolean_eudr_forest_2020,0,2024-04-25T00:00:00Z,model_output,p23oobvjv4u7n5nxrhy65km6z6ycw4qq4dvawxbbclmalcupjrsa,2571570,2571654,PASS,pass,pass,pass,pass,pass,pass,pass,pass,pass,pass,pass,pass,pass,pass,pass,pass,pass,pass,n/a,n/a
rondonia,jrc_tmf.deforestation_year,primary,0,year_of_deforestation,55,2025-06-01T00:00:00Z,model_output,3mz43gwinylmalte6k6bbzzespkey3hulbmxfz27gdtcwcef4oma,2571571,2571654,PASS,pass,pass,pass,pass,pass,pass,pass,pass,pass,pass,pass,pass,pass,pass,pass,pass,pass,pass,n/a,n/a
rondonia,esa_cci_biomass.agb_t_per_ha_2022,primary,149.0,t_per_ha,52,2025-03-01T00:00:00Z,model_output,qglaglvrdiqvpkfi3befuhdetpgn76pwx7tan6x2nhaivu5mtctq,2571573,2571654,PASS,pass,pass,pass,pass,pass,pass,pass,pass,pass,pass,pass,pass,pass,pass,pass,pass,pass,pass,n/a,n/a
rondonia,hansen.loss_year,primary,2023,year_of_loss,55,2025-04-01T00:00:00Z,model_output,b4mj5qzb2tgesqaz3i6sstjcauu7uqrxi5xgfgortdsi4hgv5uwa,2571573,2571654,PASS,pass,pass,pass,pass,pass,pass,pass,pass,pass,pass,pass,pass,pass,pass,pass,pass,pass,pass,n/a,n/a
rondonia,hansen.tree_cover_2000,primary,100,percent_canopy_cover,55,2025-04-01T00:00:00Z,model_output,kys36aoctypx25izjkkdity6v3zl6w5ddh262p3v4sgljcbr4ziq,2571572,2571654,PASS,pass,pass,pass,pass,pass,pass,pass,pass,pass,pass,pass,pass,pass,pass,pass,pass,pass,pass,n/a,n/a
rondonia,indices.ndvi,primary,0.5673222390317701,,20724,2026-09-28T14:28:01.024000Z,deterministic_index,i6jfrkjdawiijcmt4c7dc7lladcqp4zf4sebxake3zlpr53jmunq,2571575,2571654,PASS,pass,pass,pass,pass,pass,pass,pass,pass,pass,pass,pass,pass,pass,pass,pass,pass,pass,pass,n/a,pass
rondonia,jrc_gfc2020.forest_2020,primary,0,boolean_eudr_forest_2020,0,2024-04-25T00:00:00Z,model_output,e43znmglzppu5e62l6nn44sppctyzzxcb2xdvdlwvypk4ndzex7q,2571573,2571654,PASS,pass,pass,pass,pass,pass,pass,pass,pass,pass,pass,pass,pass,pass,pass,pass,pass,pass,pass,n/a,n/a
rondonia,jrc_tmf.deforestation_year,primary,1984,year_of_deforestation,55,2025-06-01T00:00:00Z,model_output,cv2d27od2cuqv2yahs3ttsv2x6n6367mypdvfweqdcwg7e4cu7ba,2571573,2571654,PASS,pass,pass,pass,pass,pass,pass,pass,pass,pass,pass,pass,pass,pass,pass,pass,pass,pass,pass,n/a,n/a
rondonia,esa_cci_biomass.agb_t_per_ha_2022,primary,212.0,t_per_ha,52,2025-03-01T00:00:00Z,model_output,cutzvcnnzvp3g6xqfuxmnn6aplfnkd7w3643l6laaibqmfvn5pnq,2571577,2571654,PASS,pass,pass,pass,pass,pass,pass,pass,pass,pass,pass,pass,pass,pass,pass,pass,pass,pass,pass,n/a,n/a
rondonia,hansen.loss_year,primary,0,year_of_loss,55,2025-04-01T00:00:00Z,model_output,5z4g2wccxfsie5qda6fqjpx4bgyzqtwjtz2hdlk5t3xvbmffcnoa,2571576,2571654,PASS,pass,pass,pass,pass,pass,pass,pass,pass,pass,pass,pass,pass,pass,pass,pass,pass,pass,pass,n/a,n/a
rondonia,hansen.tree_cover_2000,primary,100,percent_canopy_cover,55,2025-04-01T00:00:00Z,model_output,vdlczleapoq56wh2h2gtibdcsi44lxdm6p43oaqxwcmpzzu7y5ra,2571577,2571654,PASS,pass,pass,pass,pass,pass,pass,pass,pass,pass,pass,pass,pass,pass,pass,pass,pass,pass,pass,n/a,n/a
rondonia,indices.ndvi,primary,0.815052776502983,,20724,2026-09-28T14:28:01.024000Z,deterministic_index,hjtesrc4xderhf5gmt376apskrwhlfaumobxnpyysw6whojxwucq,2571578,2571654,PASS,pass,pass,pass,pass,pass,pass,pass,pass,pass,pass,pass,pass,pass,pass,pass,pass,pass,pass,n/a,pass
rondonia,jrc_gfc2020.forest_2020,primary,1,boolean_eudr_forest_2020,0,2024-04-25T00:00:00Z,model_output,cmkuuazfxcsympqolqkqj7xzctcksty2znspzeekeyjo2vbt5pzq,2571577,2571654,PASS,pass,pass,pass,pass,pass,pass,pass,pass,pass,pass,pass,pass,pass,pass,pass,pass,pass,pass,n/a,n/a
rondonia,jrc_tmf.deforestation_year,primary,0,year_of_deforestation,55,2025-06-01T00:00:00Z,model_output,pzxxut7klezgo3izjqty5unz7fxwozwtwrp3mpk6kduo7x4ifvqq,2571577,2571654,PASS,pass,pass,pass,pass,pass,pass,pass,pass,pass,pass,pass,pass,pass,pass,pass,pass,pass,pass,n/a,n/a
rondonia,esa_cci_biomass.agb_t_per_ha_2022,primary,0.0,t_per_ha,52,2025-03-01T00:00:00Z,model_output,5cqul2lqdtofnd6tavf7i3xfiavash5rgnw2zvbxanayui3oepgq,2571580,2571654,PASS,pass,pass,pass,pass,pass,pass,pass,pass,pass,pass,pass,pass,pass,pass,pass,pass,pass,pass,n/a,n/a
rondonia,hansen.loss_year,primary,0,year_of_loss,55,2025-04-01T00:00:00Z,model_output,ok4duknhk24onos3h2l22qb5ckb2svspgcisrry2lmnnb6qdmmvq,2571579,2571654,PASS,pass,pass,pass,pass,pass,pass,pass,pass,pass,pass,pass,pass,pass,pass,pass,pass,pass,pass,n/a,n/a
rondonia,hansen.tree_cover_2000,primary,0,percent_canopy_cover,55,2025-04-01T00:00:00Z,model_output,qpzv7o52whjibfmqbus7v2kxmjduoaungo463pa2wfuhnhqsfjxq,2571580,2571654,PASS,pass,pass,pass,pass,pass,pass,pass,pass,pass,pass,pass,pass,pass,pass,pass,pass,pass,pass,n/a,n/a
rondonia,indices.ndvi,primary,0.3304013194062672,,20724,2026-09-28T14:28:01.024000Z,deterministic_index,bkomquwxaik5bcfq5utzbsiriws7jbmvu27g4h2wmgoivsagokda,2571581,2571654,PASS,pass,pass,pass,pass,pass,pass,pass,pass,pass,pass,pass,pass,pass,pass,pass,pass,pass,pass,n/a,pass
rondonia,jrc_gfc2020.forest_2020,primary,0,boolean_eudr_forest_2020,0,2024-04-25T00:00:00Z,model_output,6ruqjvc5zcxg3d65kkkg5r6qowgarsarx4wupuzyhyccmuk5bbrq,2571580,2571654,PASS,pass,pass,pass,pass,pass,pass,pass,pass,pass,pass,pass,pass,pass,pass,pass,pass,pass,pass,n/a,n/a
rondonia,jrc_tmf.deforestation_year,primary,0,year_of_deforestation,55,2025-06-01T00:00:00Z,model_output,d5vsug7ew44d4tow6gkhcsrholamgqk4ufaa7xhdpr5ke6kurasq,2571580,2571654,PASS,pass,pass,pass,pass,pass,pass,pass,pass,pass,pass,pass,pass,pass,pass,pass,pass,pass,pass,n/a,n/a
rondonia,esa_cci_biomass.agb_t_per_ha_2022,primary,0.0,t_per_ha,52,2025-03-01T00:00:00Z,model_output,f2hncpdce5jj5ydizubdak7mytsh6boinqnizfwheh53vsq7xlba,2571583,2571654,PASS,pass,pass,pass,pass,pass,pass,pass,pass,pass,pass,pass,pass,pass,pass,pass,pass,pass,pass,n/a,n/a
rondonia,hansen.loss_year,primary,0,year_of_loss,55,2025-04-01T00:00:00Z,model_output,feovuzvsyxvle6rry6w4gjz6vilaprwqoccrkl37uhqzpapuriia,2571582,2571654,PASS,pass,pass,pass,pass,pass,pass,pass,pass,pass,pass,pass,pass,pass,pass,pass,pass,pass,pass,n/a,n/a
rondonia,hansen.tree_cover_2000,primary,0,percent_canopy_cover,55,2025-04-01T00:00:00Z,model_output,ddrpe27dtzt7ponxdxrehu66prkqiemiypxklkqyzlxprss3nh2a,2571583,2571654,PASS,pass,pass,pass,pass,pass,pass,pass,pass,pass,pass,pass,pass,pass,pass,pass,pass,pass,pass,n/a,n/a
rondonia,indices.ndvi,primary,0.4061135371179039,,20717,2026-09-21T14:27:09.024000Z,deterministic_index,kksvicnihray2n3imp7evye5i25zv3iupvetpbj7wmi6g55siavq,2571584,2571654,PASS,pass,pass,pass,pass,pass,pass,pass,pass,pass,pass,pass,pass,pass,pass,pass,pass,pass,pass,n/a,pass
rondonia,jrc_gfc2020.forest_2020,primary,0,boolean_eudr_forest_2020,0,2024-04-25T00:00:00Z,model_output,5v6sjvaovw6pvmcnpljxyto6f6g6xx5qvaiaftozx74o2la7iyka,2571583,2571654,PASS,pass,pass,pass,pass,pass,pass,pass,pass,pass,pass,pass,pass,pass,pass,pass,pass,pass,pass,n/a,n/a
rondonia,jrc_tmf.deforestation_year,primary,0,year_of_deforestation,55,2025-06-01T00:00:00Z,model_output,dospps7zdizqsb335ckckhre72iemvo36x7wx5kopfi2cjm7hzaa,2571583,2571654,PASS,pass,pass,pass,pass,pass,pass,pass,pass,pass,pass,pass,pass,pass,pass,pass,pass,pass,pass,n/a,n/a
rondonia,esa_cci_biomass.agb_t_per_ha_2022,primary,0.0,t_per_ha,52,2025-03-01T00:00:00Z,model_output,pz2gfie5sw3pokj5rijmlle6voaskjxu6d5oh7aqw44g2yxj3jpq,2571586,2571654,PASS,pass,pass,pass,pass,pass,pass,pass,pass,pass,pass,pass,pass,pass,pass,pass,pass,pass,pass,n/a,n/a
rondonia,hansen.loss_year,primary,0,year_of_loss,55,2025-04-01T00:00:00Z,model_output,dibwxbzjxdym722iqwu4b2m3rndizocryu4gf22suspdf6thtaya,2571585,2571654,PASS,pass,pass,pass,pass,pass,pass,pass,pass,pass,pass,pass,pass,pass,pass,pass,pass,pass,pass,n/a,n/a
rondonia,hansen.tree_cover_2000,primary,0,percent_canopy_cover,55,2025-04-01T00:00:00Z,model_output,e3aodiwdkcq3ingvqfwzk72hmsckqaoa7cxqkynhcjzqvbvlz3iq,2571586,2571654,PASS,pass,pass,pass,pass,pass,pass,pass,pass,pass,pass,pass,pass,pass,pass,pass,pass,pass,pass,n/a,n/a
rondonia,indices.ndvi,primary,0.4731733620922081,,20717,2026-09-21T14:27:09.024000Z,deterministic_index,5iwtd3diyjfpx33zr2lcszozncc52np6p3utvh5pvyqiippuwzta,2571587,2571654,PASS,pass,pass,pass,pass,pass,pass,pass,pass,pass,pass,pass,pass,pass,pass,pass,pass,pass,pass,n/a,pass
rondonia,jrc_gfc2020.forest_2020,primary,0,boolean_eudr_forest_2020,0,2024-04-25T00:00:00Z,model_output,xtgcxyhn6tigrgyaa526adq5yx3zomfenotalk4xadet3uxxvnoq,2571586,2571654,PASS,pass,pass,pass,pass,pass,pass,pass,pass,pass,pass,pass,pass,pass,pass,pass,pass,pass,pass,n/a,n/a
rondonia,jrc_tmf.deforestation_year,primary,0,year_of_deforestation,55,2025-06-01T00:00:00Z,model_output,d3q7qehkewgiammyuiln6hmuyites3kq5xtflcaldp2b2upgrgaa,2571586,2571654,PASS,pass,pass,pass,pass,pass,pass,pass,pass,pass,pass,pass,pass,pass,pass,pass,pass,pass,pass,n/a,n/a
rondonia,esa_cci_biomass.agb_t_per_ha_2022,primary,96.0,t_per_ha,52,2025-03-01T00:00:00Z,model_output,ke5iw42yrmavirh775c2oqr7tq6zzdzekfkalmhb6c6ewtxx74eq,2571589,2571654,PASS,pass,pass,pass,pass,pass,pass,pass,pass,pass,pass,pass,pass,pass,pass,pass,pass,pass,pass,n/a,n/a
rondonia,hansen.loss_year,primary,0,year_of_loss,55,2025-04-01T00:00:00Z,model_output,e6y4ta3zp2mtcp5yhk2pboswqiego53wtm6k5q73lt36lihpfscq,2571588,2571654,PASS,pass,pass,pass,pass,pass,pass,pass,pass,pass,pass,pass,pass,pass,pass,pass,pass,pass,pass,n/a,n/a
rondonia,hansen.tree_cover_2000,primary,0,percent_canopy_cover,55,2025-04-01T00:00:00Z,model_output,6epg63qkuwlb4egfs3hstsez6wwygx5ehqbc7npv7mati5pfsuda,2571589,2571654,PASS,pass,pass,pass,pass,pass,pass,pass,pass,pass,pass,pass,pass,pass,pass,pass,pass,pass,pass,n/a,n/a
rondonia,indices.ndvi,primary,0.5950238221281101,,20724,2026-09-28T14:28:01.024000Z,deterministic_index,bixnvsxwx6qfsyripiaodrp3extd3n6grwlja524mar6cfdibbpq,2571593,2571654,PASS,pass,pass,pass,pass,pass,pass,pass,pass,pass,pass,pass,pass,pass,pass,pass,pass,pass,pass,n/a,pass
rondonia,jrc_gfc2020.forest_2020,primary,1,boolean_eudr_forest_2020,0,2024-04-25T00:00:00Z,model_output,nihoz2jkhlmygl4fj76nbpmqp4ej6r3y5s554svbgrdleqij4ala,2571589,2571654,PASS,pass,pass,pass,pass,pass,pass,pass,pass,pass,pass,pass,pass,pass,pass,pass,pass,pass,pass,n/a,n/a
rondonia,jrc_tmf.deforestation_year,primary,0,year_of_deforestation,55,2025-06-01T00:00:00Z,model_output,wiaxxtszenjpkeh75ovis6y4ybluwscp2itx44hqbqhszrukbqha,2571589,2571654,PASS,pass,pass,pass,pass,pass,pass,pass,pass,pass,pass,pass,pass,pass,pass,pass,pass,pass,pass,n/a,n/a
rondonia,esa_cci_biomass.agb_t_per_ha_2022,primary,0.0,t_per_ha,52,2025-03-01T00:00:00Z,model_output,an47cqs6ytl6mhyz3ojahiaecjpn5ehkoc5abmu42mps26ucahmq,2571591,2571654,PASS,pass,pass,pass,pass,pass,pass,pass,pass,pass,pass,pass,pass,pass,pass,pass,pass,pass,pass,n/a,n/a
rondonia,hansen.loss_year,primary,0,year_of_loss,55,2025-04-01T00:00:00Z,model_output,6hjwpfz3yhchwa43lgtsaowbb2hmwsipcbz3lxsip3uzrn6t5icq,2571590,2571654,PASS,pass,pass,pass,pass,pass,pass,pass,pass,pass,pass,pass,pass,pass,pass,pass,pass,pass,pass,n/a,n/a
rondonia,hansen.tree_cover_2000,primary,0,percent_canopy_cover,55,2025-04-01T00:00:00Z,model_output,257yu2ekapuhckvnhvpefr4nwaovqscpzq3epp77xjis7u73b3jq,2571591,2571654,PASS,pass,pass,pass,pass,pass,pass,pass,pass,pass,pass,pass,pass,pass,pass,pass,pass,pass,pass,n/a,n/a
rondonia,indices.ndvi,primary,0.5901077375122429,,20724,2026-09-28T14:28:01.024000Z,deterministic_index,p7pxyygoygbrcjm74jjx7i7abdmy4aukzmxnqvqjd3kxze22gfra,2571592,2571654,PASS,pass,pass,pass,pass,pass,pass,pass,pass,pass,pass,pass,pass,pass,pass,pass,pass,pass,pass,n/a,pass
rondonia,jrc_gfc2020.forest_2020,primary,0,boolean_eudr_forest_2020,0,2024-04-25T00:00:00Z,model_output,7vm6hbw7327m2xjbquaahloiq67jb2fnl7wtzqbkz5lg6lhqt3dq,2571591,2571654,PASS,pass,pass,pass,pass,pass,pass,pass,pass,pass,pass,pass,pass,pass,pass,pass,pass,pass,pass,n/a,n/a
rondonia,jrc_tmf.deforestation_year,primary,0,year_of_deforestation,55,2025-06-01T00:00:00Z,model_output,otit4viks7f2o255nhcmtksknjodfinsin67g7cxoltavzx5npmq,2571591,2571654,PASS,pass,pass,pass,pass,pass,pass,pass,pass,pass,pass,pass,pass,pass,pass,pass,pass,pass,pass,n/a,n/a
rondonia,esa_cci_biomass.agb_t_per_ha_2022,primary,0.0,t_per_ha,52,2025-03-01T00:00:00Z,model_output,yd7mdbabip6lzjaarbjehlhhadjpx2rdfi7mxb5blalhn6ddojaa,2571602,2571654,PASS,pass,pass,pass,pass,pass,pass,pass,pass,pass,pass,pass,pass,pass,pass,pass,pass,pass,pass,n/a,n/a
rondonia,hansen.loss_year,primary,0,year_of_loss,55,2025-04-01T00:00:00Z,model_output,gyqvjzgm5w5oijvs5725t7s7glj6be3dylo46gjxcmqw5d7bvt4q,2571596,2571654,PASS,pass,pass,pass,pass,pass,pass,pass,pass,pass,pass,pass,pass,pass,pass,pass,pass,pass,pass,n/a,n/a
rondonia,hansen.tree_cover_2000,primary,0,percent_canopy_cover,55,2025-04-01T00:00:00Z,model_output,c3mpgoyvgosgkr52nyytsvbx3hhfjygbp4ph3flfy22sglynrpqa,2571597,2571654,PASS,pass,pass,pass,pass,pass,pass,pass,pass,pass,pass,pass,pass,pass,pass,pass,pass,pass,pass,n/a,n/a
rondonia,indices.ndvi,primary,0.4142533366910098,,20717,2026-09-21T14:27:09.024000Z,deterministic_index,emecgeteou66xggkh4mrvvsdbx3ybkz4lfq6ujvql4a4h3ejqsxa,2571598,2571654,PASS,pass,pass,pass,pass,pass,pass,pass,pass,pass,pass,pass,pass,pass,pass,pass,pass,pass,pass,n/a,pass
rondonia,jrc_gfc2020.forest_2020,primary,0,boolean_eudr_forest_2020,0,2024-04-25T00:00:00Z,model_output,at25erzu6v42nvcy42cjppisz3za6kshhhs5wsswjyx6oyfwjrqq,2571600,2571654,PASS,pass,pass,pass,pass,pass,pass,pass,pass,pass,pass,pass,pass,pass,pass,pass,pass,pass,pass,n/a,n/a
rondonia,jrc_tmf.deforestation_year,primary,0,year_of_deforestation,55,2025-06-01T00:00:00Z,model_output,c4pbhxknzia4mehxjfbtuagnurr77rgz3vxt2m3ps3qn5oat4a3q,2571594,2571654,PASS,pass,pass,pass,pass,pass,pass,pass,pass,pass,pass,pass,pass,pass,pass,pass,pass,pass,pass,n/a,n/a
rondonia,esa_cci_biomass.agb_t_per_ha_2022,primary,0.0,t_per_ha,52,2025-03-01T00:00:00Z,model_output,qq6t3a26tdpjshuesfhferhm6vjrf6qcqsujm3rw5qz27t6xue5a,2571603,2571654,PASS,pass,pass,pass,pass,pass,pass,pass,pass,pass,pass,pass,pass,pass,pass,pass,pass,pass,pass,n/a,n/a
rondonia,hansen.loss_year,primary,0,year_of_loss,55,2025-04-01T00:00:00Z,model_output,6o7iichz22gdlb2odsrnn5fsgfreirgidyvfthpdith3yzerdhxq,2571596,2571654,PASS,pass,pass,pass,pass,pass,pass,pass,pass,pass,pass,pass,pass,pass,pass,pass,pass,pass,pass,n/a,n/a
rondonia,hansen.tree_cover_2000,primary,0,percent_canopy_cover,55,2025-04-01T00:00:00Z,model_output,sczcqfpkh3kdhke7uemeqkafop6qwi5zxeuyo5y2mkpknmtvzpcq,2571597,2571654,PASS,pass,pass,pass,pass,pass,pass,pass,pass,pass,pass,pass,pass,pass,pass,pass,pass,pass,pass,n/a,n/a
rondonia,indices.ndvi,primary,0.47510700608245104,,20717,2026-09-21T14:27:09.024000Z,deterministic_index,vxsyxeeq3fijkizfgl6lajsgnrloofrzys7if7no22hy66r5cnla,2571599,2571654,PASS,pass,pass,pass,pass,pass,pass,pass,pass,pass,pass,pass,pass,pass,pass,pass,pass,pass,pass,n/a,pass
rondonia,jrc_gfc2020.forest_2020,primary,0,boolean_eudr_forest_2020,0,2024-04-25T00:00:00Z,model_output,iy4cm2qzy2dgd3onysxbr46lndo6mkbykgbvovz4z54fpdzmc3xq,2571601,2571654,PASS,pass,pass,pass,pass,pass,pass,pass,pass,pass,pass,pass,pass,pass,pass,pass,pass,pass,pass,n/a,n/a
rondonia,jrc_tmf.deforestation_year,primary,0,year_of_deforestation,55,2025-06-01T00:00:00Z,model_output,xqftyynk5qsq4xxeea7wudrrss7j7ikaszaoyweodeognvnu4rma,2571595,2571654,PASS,pass,pass,pass,pass,pass,pass,pass,pass,pass,pass,pass,pass,pass,pass,pass,pass,pass,pass,n/a,n/a
rondonia,esa_cci_biomass.agb_t_per_ha_2022,primary,25.0,t_per_ha,52,2025-03-01T00:00:00Z,model_output,l6xq3niif4jkggfb5sh5tz5jzztu4k5aniyrvdqq3p5tk7ylwmqq,2571606,2571654,PASS,pass,pass,pass,pass,pass,pass,pass,pass,pass,pass,pass,pass,pass,pass,pass,pass,pass,pass,n/a,n/a
rondonia,hansen.loss_year,primary,2017,year_of_loss,55,2025-04-01T00:00:00Z,model_output,lsfxfyfqcaox2vpfs6lz3oce2iyawcy7pe3w4sd4d2ic5l6c5aua,2571606,2571654,PASS,pass,pass,pass,pass,pass,pass,pass,pass,pass,pass,pass,pass,pass,pass,pass,pass,pass,pass,n/a,n/a
rondonia,hansen.tree_cover_2000,primary,57,percent_canopy_cover,55,2025-04-01T00:00:00Z,model_output,wxeilahrgzid55qpyn6s45rufkmnmnmt6nyjakpbu6qvijgw6sza,2571606,2571654,PASS,pass,pass,pass,pass,pass,pass,pass,pass,pass,pass,pass,pass,pass,pass,pass,pass,pass,pass,n/a,n/a
rondonia,indices.ndvi,primary,0.5301098901098902,,20724,2026-09-28T14:28:01.024000Z,deterministic_index,747ldyg7hu47dj4sz4csjk5euhabasoc4nj3qqdbnvqd45wn2via,2571608,2571654,PASS,pass,pass,pass,pass,pass,pass,pass,pass,pass,pass,pass,pass,pass,pass,pass,pass,pass,pass,n/a,pass
rondonia,jrc_gfc2020.forest_2020,primary,0,boolean_eudr_forest_2020,0,2024-04-25T00:00:00Z,model_output,rwmi7jwogzwzdvydnrphsuztvtv7clgxn5xolyxrkhefrujpqrda,2571606,2571654,PASS,pass,pass,pass,pass,pass,pass,pass,pass,pass,pass,pass,pass,pass,pass,pass,pass,pass,pass,n/a,n/a
rondonia,jrc_tmf.deforestation_year,primary,0,year_of_deforestation,55,2025-06-01T00:00:00Z,model_output,m4wjdtdwlm37pskfja67yvbng7spkbphbmndm2le4hwhsmqgmqfa,2571606,2571654,PASS,pass,pass,pass,pass,pass,pass,pass,pass,pass,pass,pass,pass,pass,pass,pass,pass,pass,pass,n/a,n/a
rondonia,esa_cci_biomass.agb_t_per_ha_2022,primary,121.0,t_per_ha,52,2025-03-01T00:00:00Z,model_output,ziiwtht3roi7gyx536j57qmgajc7fosutdzwakjafdgbtpkmnvpq,2571605,2571654,PASS,pass,pass,pass,pass,pass,pass,pass,pass,pass,pass,pass,pass,pass,pass,pass,pass,pass,pass,n/a,n/a
rondonia,hansen.loss_year,primary,0,year_of_loss,55,2025-04-01T00:00:00Z,model_output,mqmb2c72s2xcpycsod6ywhvhdivyslivcsa63palpnrzkwsvblva,2571604,2571654,PASS,pass,pass,pass,pass,pass,pass,pass,pass,pass,pass,pass,pass,pass,pass,pass,pass,pass,pass,n/a,n/a
rondonia,hansen.tree_cover_2000,primary,72,percent_canopy_cover,55,2025-04-01T00:00:00Z,model_output,h3jzpraomf3xumetuf3iysh6qasftoq2ccu4f5mk4vv27sq3jg3a,2571605,2571654,PASS,pass,pass,pass,pass,pass,pass,pass,pass,pass,pass,pass,pass,pass,pass,pass,pass,pass,pass,n/a,n/a
rondonia,indices.ndvi,primary,0.6579068695251269,,20724,2026-09-28T14:28:01.024000Z,deterministic_index,ptqhxqq4r6ktgnbojg7yvoqxzbtnyroalabtbjs2rhfuax5hmtnq,2571607,2571654,PASS,pass,pass,pass,pass,pass,pass,pass,pass,pass,pass,pass,pass,pass,pass,pass,pass,pass,pass,n/a,pass
rondonia,jrc_gfc2020.forest_2020,primary,1,boolean_eudr_forest_2020,0,2024-04-25T00:00:00Z,model_output,aeoypbva3mpgyiges6v3ldjx7xltsl66u6npeveisdif6l2trmyq,2571605,2571654,PASS,pass,pass,pass,pass,pass,pass,pass,pass,pass,pass,pass,pass,pass,pass,pass,pass,pass,pass,n/a,n/a
rondonia,jrc_tmf.deforestation_year,primary,0,year_of_deforestation,55,2025-06-01T00:00:00Z,model_output,yoof3medqchfvvx6rs7dnxfndworjllsv3noyapemt3p553gaxcq,2571605,2571654,PASS,pass,pass,pass,pass,pass,pass,pass,pass,pass,pass,pass,pass,pass,pass,pass,pass,pass,pass,n/a,n/a
rondonia,esa_cci_biomass.agb_t_per_ha_2022,primary,187.0,t_per_ha,52,2025-03-01T00:00:00Z,model_output,b5mfbttug3vn3mt7bhza523334v2f6psgyuvjrxsfcf7mcjinjlq,2571611,2571654,PASS,pass,pass,pass,pass,pass,pass,pass,pass,pass,pass,pass,pass,pass,pass,pass,pass,pass,pass,n/a,n/a
rondonia,hansen.loss_year,primary,0,year_of_loss,55,2025-04-01T00:00:00Z,model_output,iq6fatdkyt3bpcgtcyjkfpkvtbre6uax65eg3jo3mfduw4clo6wq,2571611,2571654,PASS,pass,pass,pass,pass,pass,pass,pass,pass,pass,pass,pass,pass,pass,pass,pass,pass,pass,pass,n/a,n/a
rondonia,hansen.tree_cover_2000,primary,89,percent_canopy_cover,55,2025-04-01T00:00:00Z,model_output,oxpy6zmfwzv5yqfxyqbz6dnttbxmkztf3mtzmwwbmdtcfvyjedwa,2571611,2571654,PASS,pass,pass,pass,pass,pass,pass,pass,pass,pass,pass,pass,pass,pass,pass,pass,pass,pass,pass,n/a,n/a
rondonia,indices.ndvi,primary,0.7987854251012145,,20724,2026-09-28T14:28:01.024000Z,deterministic_index,nwmllitawcecsa5mwci4cdq2xrigwozhos6cdg3gff6fuq6zphxa,2571613,2571654,PASS,pass,pass,pass,pass,pass,pass,pass,pass,pass,pass,pass,pass,pass,pass,pass,pass,pass,pass,n/a,pass
rondonia,jrc_gfc2020.forest_2020,primary,1,boolean_eudr_forest_2020,0,2024-04-25T00:00:00Z,model_output,seim7l3oi7v6gibiln2rfovprrue3iovleg3qcaijnngyxzedsla,2571611,2571654,PASS,pass,pass,pass,pass,pass,pass,pass,pass,pass,pass,pass,pass,pass,pass,pass,pass,pass,pass,n/a,n/a
rondonia,jrc_tmf.deforestation_year,primary,0,year_of_deforestation,55,2025-06-01T00:00:00Z,model_output,b5itx6isb4fq5wstc7cei5a7igcuqrvvohwjqyoyu5jh464oh6wa,2571611,2571654,PASS,pass,pass,pass,pass,pass,pass,pass,pass,pass,pass,pass,pass,pass,pass,pass,pass,pass,pass,n/a,n/a
rondonia,esa_cci_biomass.agb_t_per_ha_2022,primary,168.0,t_per_ha,52,2025-03-01T00:00:00Z,model_output,7tvr77sfalgnwj3d3pgggjn6b74n234wkbsepm2jbarn4v4cos4q,2571610,2571654,PASS,pass,pass,pass,pass,pass,pass,pass,pass,pass,pass,pass,pass,pass,pass,pass,pass,pass,pass,n/a,n/a
rondonia,hansen.loss_year,primary,0,year_of_loss,55,2025-04-01T00:00:00Z,model_output,bf26jddv7sbym25dz2yosdlwj44ycq64rauesymx7icfeli6r5wq,2571609,2571654,PASS,pass,pass,pass,pass,pass,pass,pass,pass,pass,pass,pass,pass,pass,pass,pass,pass,pass,pass,n/a,n/a
rondonia,hansen.tree_cover_2000,primary,98,percent_canopy_cover,55,2025-04-01T00:00:00Z,model_output,q7xepchgzeaywgdledzczvpul5iyunvx5lhhjs4i6ztyasw5qnjq,2571610,2571654,PASS,pass,pass,pass,pass,pass,pass,pass,pass,pass,pass,pass,pass,pass,pass,pass,pass,pass,pass,n/a,n/a
rondonia,indices.ndvi,primary,0.5314787701317716,,20724,2026-09-28T14:28:01.024000Z,deterministic_index,vsmxkv3ccaxrhdgssiixdrrb2rizdx5hgf6klgtrthj7hcp26nla,2571612,2571654,PASS,pass,pass,pass,pass,pass,pass,pass,pass,pass,pass,pass,pass,pass,pass,pass,pass,pass,pass,n/a,pass
rondonia,jrc_gfc2020.forest_2020,primary,1,boolean_eudr_forest_2020,0,2024-04-25T00:00:00Z,model_output,oghvtthrpkzdxn6oxpcwiebz2riaaefxrh3sblmuvleazcwrhmsq,2571610,2571654,PASS,pass,pass,pass,pass,pass,pass,pass,pass,pass,pass,pass,pass,pass,pass,pass,pass,pass,pass,n/a,n/a
rondonia,jrc_tmf.deforestation_year,primary,0,year_of_deforestation,55,2025-06-01T00:00:00Z,model_output,3l2laxv7sch6wh57n5vfpzviodienc7vw2megwpvfojiwkv3ejzq,2571610,2571654,PASS,pass,pass,pass,pass,pass,pass,pass,pass,pass,pass,pass,pass,pass,pass,pass,pass,pass,pass,n/a,n/a
rondonia,esa_cci_biomass.agb_t_per_ha_2022,primary,261.0,t_per_ha,52,2025-03-01T00:00:00Z,model_output,ne4dhdynyigk2p53nzyvx4iejyxqzco2nmi5kiohdnkznfjzawta,2571615,2571654,PASS,pass,pass,pass,pass,pass,pass,pass,pass,pass,pass,pass,pass,pass,pass,pass,pass,pass,pass,n/a,n/a
rondonia,hansen.loss_year,primary,0,year_of_loss,55,2025-04-01T00:00:00Z,model_output,cpist2iypn443z3nvweh763nxu6y5fcgzuwbnmhacrw4hgarsmpa,2571614,2571654,PASS,pass,pass,pass,pass,pass,pass,pass,pass,pass,pass,pass,pass,pass,pass,pass,pass,pass,pass,n/a,n/a
rondonia,hansen.tree_cover_2000,primary,89,percent_canopy_cover,55,2025-04-01T00:00:00Z,model_output,6vkb35u6mk452hn6ovwc4knnzb4pul27why5x5umspofx74qdata,2571615,2571654,PASS,pass,pass,pass,pass,pass,pass,pass,pass,pass,pass,pass,pass,pass,pass,pass,pass,pass,pass,n/a,n/a
rondonia,indices.ndvi,primary,0.7670825906120023,,20717,2026-09-21T14:27:09.024000Z,deterministic_index,mbq77gbg5oraqupa2pjrtqm2pazfmdt7lbojfuvkkjmex7dzqnjq,2571619,2571654,PASS,pass,pass,pass,pass,pass,pass,pass,pass,pass,pass,pass,pass,pass,pass,pass,pass,pass,pass,n/a,pass
rondonia,jrc_gfc2020.forest_2020,primary,1,boolean_eudr_forest_2020,0,2024-04-25T00:00:00Z,model_output,hwodysyumhas33kprfypazj26vukbbl3ocwii46uxybhjwkryhkq,2571615,2571654,PASS,pass,pass,pass,pass,pass,pass,pass,pass,pass,pass,pass,pass,pass,pass,pass,pass,pass,pass,n/a,n/a
rondonia,jrc_tmf.deforestation_year,primary,0,year_of_deforestation,55,2025-06-01T00:00:00Z,model_output,ixlyzjevahl272tly76mjiyvrlmbd6m4yvgra47cabcbhfdwd4gq,2571615,2571654,PASS,pass,pass,pass,pass,pass,pass,pass,pass,pass,pass,pass,pass,pass,pass,pass,pass,pass,pass,n/a,n/a
rondonia,esa_cci_biomass.agb_t_per_ha_2022,primary,181.0,t_per_ha,52,2025-03-01T00:00:00Z,model_output,jlixgye6oirh4qmptwsx7bgwagqwofaeaforzdckeszx7fttkrsq,2571617,2571654,PASS,pass,pass,pass,pass,pass,pass,pass,pass,pass,pass,pass,pass,pass,pass,pass,pass,pass,pass,n/a,n/a
rondonia,hansen.loss_year,primary,0,year_of_loss,55,2025-04-01T00:00:00Z,model_output,mko7kms7if6yharh4oxhykuvagcywyiqzl32u4nyh5qj3gmmm7ca,2571616,2571654,PASS,pass,pass,pass,pass,pass,pass,pass,pass,pass,pass,pass,pass,pass,pass,pass,pass,pass,pass,n/a,n/a
rondonia,hansen.tree_cover_2000,primary,100,percent_canopy_cover,55,2025-04-01T00:00:00Z,model_output,2zz2rwhs5st5qebollpdvnae4x57j5jt53rv5tmtzifrfxd4rnrq,2571617,2571654,PASS,pass,pass,pass,pass,pass,pass,pass,pass,pass,pass,pass,pass,pass,pass,pass,pass,pass,pass,n/a,n/a
rondonia,indices.ndvi,primary,0.8279124778237729,,20717,2026-09-21T14:27:09.024000Z,deterministic_index,d5yf5viouea5hecaob565binp6rb5aanwiz5aammvgfme4ktupvq,2571618,2571654,PASS,pass,pass,pass,pass,pass,pass,pass,pass,pass,pass,pass,pass,pass,pass,pass,pass,pass,pass,n/a,pass
rondonia,jrc_gfc2020.forest_2020,primary,1,boolean_eudr_forest_2020,0,2024-04-25T00:00:00Z,model_output,daqf3r3snymz7mnzrchglarg2kzempj6gf4qctwc4czfh3thsf6a,2571617,2571654,PASS,pass,pass,pass,pass,pass,pass,pass,pass,pass,pass,pass,pass,pass,pass,pass,pass,pass,pass,n/a,n/a
rondonia,jrc_tmf.deforestation_year,primary,0,year_of_deforestation,55,2025-06-01T00:00:00Z,model_output,jg7eljd4sg25mgbab2frgncjq52zgtvziis57c3wazyrh5gb4ijq,2571617,2571654,PASS,pass,pass,pass,pass,pass,pass,pass,pass,pass,pass,pass,pass,pass,pass,pass,pass,pass,pass,n/a,n/a
rondonia,esa_cci_biomass.agb_t_per_ha_2022,primary,118.0,t_per_ha,52,2025-03-01T00:00:00Z,model_output,oaivjmf62bn6xjk3tovrf4cjgsutprs6p3lgr3jarvgsfsn6asiq,2571621,2571654,PASS,pass,pass,pass,pass,pass,pass,pass,pass,pass,pass,pass,pass,pass,pass,pass,pass,pass,pass,n/a,n/a
rondonia,hansen.loss_year,primary,2024,year_of_loss,55,2025-04-01T00:00:00Z,model_output,kvy4a65jlaqcy3mgbpfoz7vnabnhiknvgoxydaweim4gvftwk53q,2571620,2571654,PASS,pass,pass,pass,pass,pass,pass,pass,pass,pass,pass,pass,pass,pass,pass,pass,pass,pass,pass,n/a,n/a
rondonia,hansen.tree_cover_2000,primary,49,percent_canopy_cover,55,2025-04-01T00:00:00Z,model_output,5ntg423i66fcmaip52at5ydxv3bqbddhus4oiy3f45p64vp6w73a,2571621,2571654,PASS,pass,pass,pass,pass,pass,pass,pass,pass,pass,pass,pass,pass,pass,pass,pass,pass,pass,pass,n/a,n/a
rondonia,indices.ndvi,primary,0.6553076734493747,,20724,2026-09-28T14:28:01.024000Z,deterministic_index,2ytb7t6mpmhkh6j44yyobi7miclzelwypvwqqnv2jbocl6mvpupq,2571623,2571654,PASS,pass,pass,pass,pass,pass,pass,pass,pass,pass,pass,pass,pass,pass,pass,pass,pass,pass,pass,n/a,pass
rondonia,jrc_gfc2020.forest_2020,primary,1,boolean_eudr_forest_2020,0,2024-04-25T00:00:00Z,model_output,vtzio2wculzysclmccj6kc6zu6tfkvxfl64bbk4n45vgfcdrgupa,2571621,2571654,PASS,pass,pass,pass,pass,pass,pass,pass,pass,pass,pass,pass,pass,pass,pass,pass,pass,pass,pass,n/a,n/a
rondonia,jrc_tmf.deforestation_year,primary,0,year_of_deforestation,55,2025-06-01T00:00:00Z,model_output,cewwpdfyylrvf54xsoq4fidzif62cb2nnnxzsxg3ynomakfo6yoa,2571621,2571654,PASS,pass,pass,pass,pass,pass,pass,pass,pass,pass,pass,pass,pass,pass,pass,pass,pass,pass,pass,n/a,n/a
rondonia,esa_cci_biomass.agb_t_per_ha_2022,primary,0.0,t_per_ha,52,2025-03-01T00:00:00Z,model_output,wrnah7z6x5emr23e4k2atx6pznwvxbk56r4pw73xm6d2zcgs22ua,2571621,2571654,PASS,pass,pass,pass,pass,pass,pass,pass,pass,pass,pass,pass,pass,pass,pass,pass,pass,pass,pass,n/a,n/a
rondonia,hansen.loss_year,primary,0,year_of_loss,55,2025-04-01T00:00:00Z,model_output,rvepn4apmebjcgkq5rzatk43tanw554ydk5ttjjgtod7paahcnpq,2571621,2571654,PASS,pass,pass,pass,pass,pass,pass,pass,pass,pass,pass,pass,pass,pass,pass,pass,pass,pass,pass,n/a,n/a
rondonia,hansen.tree_cover_2000,primary,0,percent_canopy_cover,55,2025-04-01T00:00:00Z,model_output,s4r7x2gs6o4x754a2i5brye77cvbku2i3ctnmznr4dtk2drxsanq,2571621,2571654,PASS,pass,pass,pass,pass,pass,pass,pass,pass,pass,pass,pass,pass,pass,pass,pass,pass,pass,pass,n/a,n/a
rondonia,indices.ndvi,primary,0.3362255965292842,,20724,2026-09-28T14:28:01.024000Z,deterministic_index,uh65hixixd5y5b7nxccjafkaljpas32trsx27sx3ss5ity4hpyga,2571622,2571654,PASS,pass,pass,pass,pass,pass,pass,pass,pass,pass,pass,pass,pass,pass,pass,pass,pass,pass,pass,n/a,pass
rondonia,jrc_gfc2020.forest_2020,primary,0,boolean_eudr_forest_2020,0,2024-04-25T00:00:00Z,model_output,6flyukpazglygtd4wf3j3n7sawgrcuz7vadgrlibwt4h6ozzjz2a,2571621,2571654,PASS,pass,pass,pass,pass,pass,pass,pass,pass,pass,pass,pass,pass,pass,pass,pass,pass,pass,pass,n/a,n/a
rondonia,jrc_tmf.deforestation_year,primary,0,year_of_deforestation,55,2025-06-01T00:00:00Z,model_output,ctexnhtru63uzdis66dt7x6eu4255tzdts7cvzzv3xptn7sca33a,2571621,2571654,PASS,pass,pass,pass,pass,pass,pass,pass,pass,pass,pass,pass,pass,pass,pass,pass,pass,pass,pass,n/a,n/a
rondonia,esa_cci_biomass.agb_t_per_ha_2022,primary,0.0,t_per_ha,52,2025-03-01T00:00:00Z,model_output,xfecbkvep4zm4usglh6qkw6a4cylxtsmrwggv7rh55ycwnhs34cq,2571625,2571654,PASS,pass,pass,pass,pass,pass,pass,pass,pass,pass,pass,pass,pass,pass,pass,pass,pass,pass,pass,n/a,n/a
rondonia,hansen.loss_year,primary,2001,year_of_loss,55,2025-04-01T00:00:00Z,model_output,jodlzxnv7diyvkx344il4ywp24a3xb472a3sbucobdjvsbkw25xq,2571625,2571654,PASS,pass,pass,pass,pass,pass,pass,pass,pass,pass,pass,pass,pass,pass,pass,pass,pass,pass,pass,n/a,n/a
rondonia,hansen.tree_cover_2000,primary,89,percent_canopy_cover,55,2025-04-01T00:00:00Z,model_output,c4ompiifwpao6g7rtdlkh72ukthmw34dkg7gi3xe2el7jh7ag2aq,2571625,2571654,PASS,pass,pass,pass,pass,pass,pass,pass,pass,pass,pass,pass,pass,pass,pass,pass,pass,pass,pass,n/a,n/a
rondonia,indices.ndvi,primary,0.4777748203353739,,20717,2026-09-21T14:27:09.024000Z,deterministic_index,yoq475kp7or4dultt7bfgk2gfiwl443lx7odkmkk2if6at7vu4vq,2571628,2571654,PASS,pass,pass,pass,pass,pass,pass,pass,pass,pass,pass,pass,pass,pass,pass,pass,pass,pass,pass,n/a,pass
rondonia,jrc_gfc2020.forest_2020,primary,0,boolean_eudr_forest_2020,0,2024-04-25T00:00:00Z,model_output,xzet2fg52xelmma74fovchhpwtmpyjmpadnq7eyrjsj4kpgyxnca,2571629,2571654,PASS,pass,pass,pass,pass,pass,pass,pass,pass,pass,pass,pass,pass,pass,pass,pass,pass,pass,pass,n/a,n/a
rondonia,jrc_tmf.deforestation_year,primary,0,year_of_deforestation,55,2025-06-01T00:00:00Z,model_output,og6sexyqchkilxww2l6lt6orgjnh6xbuekdeszaetiivtrdoaidq,2571624,2571654,PASS,pass,pass,pass,pass,pass,pass,pass,pass,pass,pass,pass,pass,pass,pass,pass,pass,pass,pass,n/a,n/a
rondonia,esa_cci_biomass.agb_t_per_ha_2022,primary,11.0,t_per_ha,52,2025-03-01T00:00:00Z,model_output,caqrv4wouxpnu3wefwcipw44ir2f45tuig625vnvpexupwxgwuxa,2571627,2571654,PASS,pass,pass,pass,pass,pass,pass,pass,pass,pass,pass,pass,pass,pass,pass,pass,pass,pass,pass,n/a,n/a
rondonia,hansen.loss_year,primary,2002,year_of_loss,55,2025-04-01T00:00:00Z,model_output,pmpvaq2zus3hiqcoamtsquqwms4lvq3m5wocrl67sbyphtzt2xbq,2571626,2571654,PASS,pass,pass,pass,pass,pass,pass,pass,pass,pass,pass,pass,pass,pass,pass,pass,pass,pass,pass,n/a,n/a
rondonia,hansen.tree_cover_2000,primary,97,percent_canopy_cover,55,2025-04-01T00:00:00Z,model_output,7udzlvryhjwwil5fsjvr6dbiadzwzymmwjkxqqsi7auufif5lvfa,2571627,2571654,PASS,pass,pass,pass,pass,pass,pass,pass,pass,pass,pass,pass,pass,pass,pass,pass,pass,pass,pass,n/a,n/a
rondonia,indices.ndvi,primary,0.47090441691984103,,20717,2026-09-21T14:27:09.024000Z,deterministic_index,qn2kpubekn5tyabkyy6yliiyhefupzrxxmopdodnws4slsbhjsrq,2571630,2571654,PASS,pass,pass,pass,pass,pass,pass,pass,pass,pass,pass,pass,pass,pass,pass,pass,pass,pass,pass,n/a,pass
rondonia,jrc_gfc2020.forest_2020,primary,0,boolean_eudr_forest_2020,0,2024-04-25T00:00:00Z,model_output,6btj26qegcbnbzwk64xujkdtdf4uv7vytzitmyh5lfyzm6cdbfha,2571629,2571654,PASS,pass,pass,pass,pass,pass,pass,pass,pass,pass,pass,pass,pass,pass,pass,pass,pass,pass,pass,n/a,n/a
rondonia,jrc_tmf.deforestation_year,primary,2001,year_of_deforestation,55,2025-06-01T00:00:00Z,model_output,w5splbchvr2plykvnd53g5h3mdkuoi2i7dgkzquqfv4mxh5pq7vq,2571627,2571654,PASS,pass,pass,pass,pass,pass,pass,pass,pass,pass,pass,pass,pass,pass,pass,pass,pass,pass,pass,n/a,n/a
rondonia,esa_cci_biomass.agb_t_per_ha_2022,primary,47.0,t_per_ha,52,2025-03-01T00:00:00Z,model_output,ajnzrlyuophhh6qvodbgzzlavfz4nkhzcqhe553jzxjnp37bv5ua,2571632,2571654,PASS,pass,pass,pass,pass,pass,pass,pass,pass,pass,pass,pass,pass,pass,pass,pass,pass,pass,pass,n/a,n/a
rondonia,hansen.loss_year,primary,2010,year_of_loss,55,2025-04-01T00:00:00Z,model_output,mhquag7cycmhjr2c6cvjqbwb2wslibinembqfsiteohuid3lti7a,2571631,2571654,PASS,pass,pass,pass,pass,pass,pass,pass,pass,pass,pass,pass,pass,pass,pass,pass,pass,pass,pass,n/a,n/a
rondonia,hansen.tree_cover_2000,primary,100,percent_canopy_cover,55,2025-04-01T00:00:00Z,model_output,3nv2wb5mqfsis7om5ea4rzc5m6iql2c6sfbbsskscq2vnzf3vz2q,2571632,2571654,PASS,pass,pass,pass,pass,pass,pass,pass,pass,pass,pass,pass,pass,pass,pass,pass,pass,pass,pass,n/a,n/a
rondonia,indices.ndvi,primary,0.4999999999999999,,20724,2026-09-28T14:28:01.024000Z,deterministic_index,o7sdluy5aqmafhsyv72lwyik5nq6wvnd4q3ffzhelwy4pcx4uxna,2571636,2571654,PASS,pass,pass,pass,pass,pass,pass,pass,pass,pass,pass,pass,pass,pass,pass,pass,pass,pass,pass,n/a,pass
rondonia,jrc_gfc2020.forest_2020,primary,0,boolean_eudr_forest_2020,0,2024-04-25T00:00:00Z,model_output,e4a6whsuyzznfpj7tub4rpgl63oa43y7qfcv5w7dputoof52pf6a,2571632,2571654,PASS,pass,pass,pass,pass,pass,pass,pass,pass,pass,pass,pass,pass,pass,pass,pass,pass,pass,pass,n/a,n/a
rondonia,jrc_tmf.deforestation_year,primary,2004,year_of_deforestation,55,2025-06-01T00:00:00Z,model_output,5fiklkueul5kwkz6xhou4b6b5nvwlzicctydg4zdwg6ha22ryrla,2571632,2571654,PASS,pass,pass,pass,pass,pass,pass,pass,pass,pass,pass,pass,pass,pass,pass,pass,pass,pass,pass,n/a,n/a
rondonia,esa_cci_biomass.agb_t_per_ha_2022,primary,134.0,t_per_ha,52,2025-03-01T00:00:00Z,model_output,do72j2fkbxchrvfxj36lzoyeoe62dazpruyhvchz2c7etdylmyiq,2571634,2571654,PASS,pass,pass,pass,pass,pass,pass,pass,pass,pass,pass,pass,pass,pass,pass,pass,pass,pass,pass,n/a,n/a
rondonia,hansen.loss_year,primary,0,year_of_loss,55,2025-04-01T00:00:00Z,model_output,hyveelbp3qypdgwpgeup4ky3p7s36rl3u54x4ixbml64eesblvrq,2571633,2571654,PASS,pass,pass,pass,pass,pass,pass,pass,pass,pass,pass,pass,pass,pass,pass,pass,pass,pass,pass,n/a,n/a
rondonia,hansen.tree_cover_2000,primary,97,percent_canopy_cover,55,2025-04-01T00:00:00Z,model_output,kzgysmizyceq7mnpetjht5jlg4h25oij4wva2rbjl7soinsvpbja,2571633,2571654,PASS,pass,pass,pass,pass,pass,pass,pass,pass,pass,pass,pass,pass,pass,pass,pass,pass,pass,pass,n/a,n/a
rondonia,indices.ndvi,primary,0.8355849382006323,,20717,2026-09-21T14:27:09.024000Z,deterministic_index,go3hhezfrizsazgkgc7miysf65d2mqusd33xdylfluedti4aggbq,2571635,2571654,PASS,pass,pass,pass,pass,pass,pass,pass,pass,pass,pass,pass,pass,pass,pass,pass,pass,pass,pass,n/a,pass
rondonia,jrc_gfc2020.forest_2020,primary,1,boolean_eudr_forest_2020,0,2024-04-25T00:00:00Z,model_output,dtkceyp3trqscqlwczirx3b4fb3njwydnhzasgxyrwo5pzls2u6q,2571634,2571654,PASS,pass,pass,pass,pass,pass,pass,pass,pass,pass,pass,pass,pass,pass,pass,pass,pass,pass,pass,n/a,n/a
rondonia,jrc_tmf.deforestation_year,primary,0,year_of_deforestation,55,2025-06-01T00:00:00Z,model_output,jvc7c3q3cmvrqi2ratu7ae4gys3jdmib4qclpybyembi6bdf4yfq,2571634,2571654,PASS,pass,pass,pass,pass,pass,pass,pass,pass,pass,pass,pass,pass,pass,pass,pass,pass,pass,pass,n/a,n/a
rondonia,esa_cci_biomass.agb_t_per_ha_2022,primary,101.0,t_per_ha,52,2025-03-01T00:00:00Z,model_output,3w7ms7ylbgyxqkgke5t2qlneq2tstb3lgo2witbngiktgx3lawgq,2571638,2571654,PASS,pass,pass,pass,pass,pass,pass,pass,pass,pass,pass,pass,pass,pass,pass,pass,pass,pass,pass,n/a,n/a
rondonia,hansen.loss_year,primary,0,year_of_loss,55,2025-04-01T00:00:00Z,model_output,5mmi5fjedctlyimajc5zylaywqf63oe6f745dhjdqguhnw47ii6a,2571637,2571654,PASS,pass,pass,pass,pass,pass,pass,pass,pass,pass,pass,pass,pass,pass,pass,pass,pass,pass,pass,n/a,n/a
rondonia,hansen.tree_cover_2000,primary,95,percent_canopy_cover,55,2025-04-01T00:00:00Z,model_output,ysk27hkraqojpbxp5uztifi3cevfgoops7l4cx6opc2bkrwhqfnq,2571638,2571654,PASS,pass,pass,pass,pass,pass,pass,pass,pass,pass,pass,pass,pass,pass,pass,pass,pass,pass,pass,n/a,n/a
rondonia,indices.ndvi,primary,0.6990291262135923,,20724,2026-09-28T14:28:01.024000Z,deterministic_index,xhhdtdm5jiipdnahzfp7ejg6eflrhn4ahmkajdxfpejja7labzeq,2571640,2571654,PASS,pass,pass,pass,pass,pass,pass,pass,pass,pass,pass,pass,pass,pass,pass,pass,pass,pass,pass,n/a,pass
rondonia,jrc_gfc2020.forest_2020,primary,1,boolean_eudr_forest_2020,0,2024-04-25T00:00:00Z,model_output,tkf6lda4kq6puggdvbb6w7qm2nfesfrawgrh5s6imjhv27s4ve4q,2571638,2571654,PASS,pass,pass,pass,pass,pass,pass,pass,pass,pass,pass,pass,pass,pass,pass,pass,pass,pass,pass,n/a,n/a
rondonia,jrc_tmf.deforestation_year,primary,1984,year_of_deforestation,55,2025-06-01T00:00:00Z,model_output,a6bqqcwuk5gnydukqsxvjad24clqrpvmklphh5bifdyzbclojn6q,2571638,2571654,PASS,pass,pass,pass,pass,pass,pass,pass,pass,pass,pass,pass,pass,pass,pass,pass,pass,pass,pass,n/a,n/a
rondonia,esa_cci_biomass.agb_t_per_ha_2022,primary,164.0,t_per_ha,52,2025-03-01T00:00:00Z,model_output,5atot2njdqspi2gihmujkq6hajxtxyv3nwcdswaqecaooco2gi4q,2571639,2571654,PASS,pass,pass,pass,pass,pass,pass,pass,pass,pass,pass,pass,pass,pass,pass,pass,pass,pass,pass,n/a,n/a
rondonia,hansen.loss_year,primary,0,year_of_loss,55,2025-04-01T00:00:00Z,model_output,rudaorvl2magvml5njm2izuvrowb6pzebku4vlqbjox4kxj5yina,2571639,2571654,PASS,pass,pass,pass,pass,pass,pass,pass,pass,pass,pass,pass,pass,pass,pass,pass,pass,pass,pass,n/a,n/a
rondonia,hansen.tree_cover_2000,primary,100,percent_canopy_cover,55,2025-04-01T00:00:00Z,model_output,iqgcje2st5vlso4eqwoyly5sht3rfdtxonunrxtsefzsaxz2in4a,2571639,2571654,PASS,pass,pass,pass,pass,pass,pass,pass,pass,pass,pass,pass,pass,pass,pass,pass,pass,pass,pass,n/a,n/a
rondonia,indices.ndvi,primary,0.8774551665243382,,20717,2026-09-21T14:27:09.024000Z,deterministic_index,2xk6yoy5m5eacdfh7qrrw36urmm44el7y2nmeby6c2rs3jsupcgq,2571641,2571654,PASS,pass,pass,pass,pass,pass,pass,pass,pass,pass,pass,pass,pass,pass,pass,pass,pass,pass,pass,n/a,pass
rondonia,jrc_gfc2020.forest_2020,primary,1,boolean_eudr_forest_2020,0,2024-04-25T00:00:00Z,model_output,2dwym6fqrwjkbqx5xscddtcqvifc2pn33cjtqkh3jxiz7moyq63a,2571639,2571654,PASS,pass,pass,pass,pass,pass,pass,pass,pass,pass,pass,pass,pass,pass,pass,pass,pass,pass,pass,n/a,n/a
rondonia,jrc_tmf.deforestation_year,primary,1999,year_of_deforestation,55,2025-06-01T00:00:00Z,model_output,i7fm2pp6fow6x7brixhjotm3jlmj3jmtclctdy5mvhryqp7nh7aa,2571639,2571654,PASS,pass,pass,pass,pass,pass,pass,pass,pass,pass,pass,pass,pass,pass,pass,pass,pass,pass,pass,n/a,n/a
rondonia,esa_cci_biomass.agb_t_per_ha_2022,primary,220.0,t_per_ha,52,2025-03-01T00:00:00Z,model_output,ee5a3l5ebvm2kzaluqjjaju2lntn4sgd6kodqkgihmhzlxeuwkza,2571643,2571654,PASS,pass,pass,pass,pass,pass,pass,pass,pass,pass,pass,pass,pass,pass,pass,pass,pass,pass,pass,n/a,n/a
rondonia,hansen.loss_year,primary,0,year_of_loss,55,2025-04-01T00:00:00Z,model_output,dv5nubz2ww5glvhh4bdbgncu24qcnse4tuyefkstbpdjpttfx2yq,2571642,2571654,PASS,pass,pass,pass,pass,pass,pass,pass,pass,pass,pass,pass,pass,pass,pass,pass,pass,pass,pass,n/a,n/a
rondonia,hansen.tree_cover_2000,primary,100,percent_canopy_cover,55,2025-04-01T00:00:00Z,model_output,dumr2dbbyohijjofdp423tg6uyozie42rjldh77dexkmuv2u6dia,2571643,2571654,PASS,pass,pass,pass,pass,pass,pass,pass,pass,pass,pass,pass,pass,pass,pass,pass,pass,pass,pass,n/a,n/a
rondonia,indices.ndvi,primary,0.469034213945431,,20724,2026-09-28T14:28:01.024000Z,deterministic_index,uhge3fpecdpurf6bhij2ilptzf662bbyvdrdj4svpmovzvyh4tsq,2571646,2571654,PASS,pass,pass,pass,pass,pass,pass,pass,pass,pass,pass,pass,pass,pass,pass,pass,pass,pass,pass,n/a,pass
rondonia,jrc_gfc2020.forest_2020,primary,1,boolean_eudr_forest_2020,0,2024-04-25T00:00:00Z,model_output,hs73an2mtdyhtetkh5x3an2pqfzt6yls73iuhvtgmpoubli42f4a,2571643,2571654,PASS,pass,pass,pass,pass,pass,pass,pass,pass,pass,pass,pass,pass,pass,pass,pass,pass,pass,pass,n/a,n/a
rondonia,jrc_tmf.deforestation_year,primary,0,year_of_deforestation,55,2025-06-01T00:00:00Z,model_output,ltwpw22wvdv2y4nmws4plortnjztetbe6juy5sxgxo7tolwkwo3q,2571643,2571654,PASS,pass,pass,pass,pass,pass,pass,pass,pass,pass,pass,pass,pass,pass,pass,pass,pass,pass,pass,n/a,n/a
rondonia,esa_cci_biomass.agb_t_per_ha_2022,primary,30.0,t_per_ha,52,2025-03-01T00:00:00Z,model_output,u65dubtysegqrikhmglsnvdhdolmsxeom23l7isnh666xb5woara,2571645,2571654,PASS,pass,pass,pass,pass,pass,pass,pass,pass,pass,pass,pass,pass,pass,pass,pass,pass,pass,pass,n/a,n/a
rondonia,hansen.loss_year,primary,0,year_of_loss,55,2025-04-01T00:00:00Z,model_output,kxkfshotmppgbe74pqqysuqshev6j4bob3ufzvxv6uizdyq472la,2571644,2571654,PASS,pass,pass,pass,pass,pass,pass,pass,pass,pass,pass,pass,pass,pass,pass,pass,pass,pass,pass,n/a,n/a
rondonia,hansen.tree_cover_2000,primary,0,percent_canopy_cover,55,2025-04-01T00:00:00Z,model_output,ml4zmgfzgbxzrerbft3ry7x7uoea3ohy2unengfbnm4wtk4js7ia,2571645,2571654,PASS,pass,pass,pass,pass,pass,pass,pass,pass,pass,pass,pass,pass,pass,pass,pass,pass,pass,pass,n/a,n/a
rondonia,indices.ndvi,primary,0.6932078351564487,,20717,2026-09-21T14:27:09.024000Z,deterministic_index,beuvzw5xagx44qchwfdpj4cg7l2eo65aqasuzfao7pvdg3n2ptgq,2571647,2571654,PASS,pass,pass,pass,pass,pass,pass,pass,pass,pass,pass,pass,pass,pass,pass,pass,pass,pass,pass,n/a,pass
rondonia,jrc_gfc2020.forest_2020,primary,0,boolean_eudr_forest_2020,0,2024-04-25T00:00:00Z,model_output,yusoiklhzx6wn6v25chc4yrgtyvqgic7e642vcnga733rjzzvlda,2571645,2571654,PASS,pass,pass,pass,pass,pass,pass,pass,pass,pass,pass,pass,pass,pass,pass,pass,pass,pass,pass,n/a,n/a
rondonia,jrc_tmf.deforestation_year,primary,1992,year_of_deforestation,55,2025-06-01T00:00:00Z,model_output,ncof4mnveciq3flf3vhewsraouix5sjten6u7avya3jbjdzzrxta,2571644,2571654,PASS,pass,pass,pass,pass,pass,pass,pass,pass,pass,pass,pass,pass,pass,pass,pass,pass,pass,pass,n/a,n/a
rondonia,esa_cci_biomass.agb_t_per_ha_2022,primary,0.0,t_per_ha,52,2025-03-01T00:00:00Z,model_output,v7uiyaf4x54yemx5grmcajvteccbql445y74h3vcbe3y2zgducqa,2571649,2571654,PASS,pass,pass,pass,pass,pass,pass,pass,pass,pass,pass,pass,pass,pass,pass,pass,pass,pass,pass,n/a,n/a
rondonia,hansen.loss_year,primary,0,year_of_loss,55,2025-04-01T00:00:00Z,model_output,3jijxczhqef2yyh3ou3cpvwlmdeaprqvo6vetigsf4e7ije6ps3a,2571648,2571654,PASS,pass,pass,pass,pass,pass,pass,pass,pass,pass,pass,pass,pass,pass,pass,pass,pass,pass,pass,n/a,n/a
rondonia,hansen.tree_cover_2000,primary,0,percent_canopy_cover,55,2025-04-01T00:00:00Z,model_output,v6vs3ubwuaabltmrtxff7gbdc3qoe7v32gmsdwplt2rzu323ukaa,2571648,2571654,PASS,pass,pass,pass,pass,pass,pass,pass,pass,pass,pass,pass,pass,pass,pass,pass,pass,pass,pass,n/a,n/a
rondonia,indices.ndvi,primary,0.7864887406171811,,20717,2026-09-21T14:27:09.024000Z,deterministic_index,br5ltkf53h2ufz42323g5qow6i53adlviba2mtd6ywwvoebstkaa,2571650,2571654,PASS,pass,pass,pass,pass,pass,pass,pass,pass,pass,pass,pass,pass,pass,pass,pass,pass,pass,pass,n/a,pass
rondonia,jrc_gfc2020.forest_2020,primary,0,boolean_eudr_forest_2020,0,2024-04-25T00:00:00Z,model_output,5xtcrfmmnxj7vmy2pblgfqkaownmb7vyv2vzn22eng54nhg4yhaq,2571649,2571654,PASS,pass,pass,pass,pass,pass,pass,pass,pass,pass,pass,pass,pass,pass,pass,pass,pass,pass,pass,n/a,n/a
rondonia,jrc_tmf.deforestation_year,primary,0,year_of_deforestation,55,2025-06-01T00:00:00Z,model_output,mv6jtv4lsp3tpnoqe3h7clvyti35s3sxdgu2awcfgswa63pks4qq,2571649,2571654,PASS,pass,pass,pass,pass,pass,pass,pass,pass,pass,pass,pass,pass,pass,pass,pass,pass,pass,pass,n/a,n/a
rondonia,esa_cci_biomass.agb_t_per_ha_2022,primary,0.0,t_per_ha,52,2025-03-01T00:00:00Z,model_output,3hjmlskk4qw4vlvijeg5b73gdzxb35m5b626kan7cpfc4bhelsoq,2571652,2571654,PASS,pass,pass,pass,pass,pass,pass,pass,pass,pass,pass,pass,pass,pass,pass,pass,pass,pass,pass,n/a,n/a
rondonia,hansen.loss_year,primary,0,year_of_loss,55,2025-04-01T00:00:00Z,model_output,mqjalsfsoniehgbgokhgi6ryckkucxbghrw3fjtpw47zqqef5tqq,2571652,2571654,PASS,pass,pass,pass,pass,pass,pass,pass,pass,pass,pass,pass,pass,pass,pass,pass,pass,pass,pass,n/a,n/a
rondonia,hansen.tree_cover_2000,primary,0,percent_canopy_cover,55,2025-04-01T00:00:00Z,model_output,sgnpvruuztd3ns2immun2lwvwg6me5x22r6jf3iudje7a22b4nbq,2571651,2571654,PASS,pass,pass,pass,pass,pass,pass,pass,pass,pass,pass,pass,pass,pass,pass,pass,pass,pass,pass,n/a,n/a
rondonia,indices.ndvi,primary,0.22227698373583046,,20724,2026-09-28T14:28:01.024000Z,deterministic_index,l4irnnnyjgcffel7grqypsaaev7szswpgs3eutwa3wggjzjgyoja,2571653,2571654,PASS,pass,pass,pass,pass,pass,pass,pass,pass,pass,pass,pass,pass,pass,pass,pass,pass,pass,pass,n/a,pass
rondonia,jrc_gfc2020.forest_2020,primary,0,boolean_eudr_forest_2020,0,2024-04-25T00:00:00Z,model_output,zvefrwyiysagwlmer6fyvipzeydymztf2pmvklcgcukya5z3k5vq,2571652,2571654,PASS,pass,pass,pass,pass,pass,pass,pass,pass,pass,pass,pass,pass,pass,pass,pass,pass,pass,pass,n/a,n/a
rondonia,jrc_tmf.deforestation_year,primary,1999,year_of_deforestation,55,2025-06-01T00:00:00Z,model_output,2f5jmsl7jhrklnupwbpankvj67kt6suhbrncvxcwchsngxrbopha,2571652,2571654,PASS,pass,pass,pass,pass,pass,pass,pass,pass,pass,pass,pass,pass,pass,pass,pass,pass,pass,pass,n/a,n/a
